filter,n,SchNet_R2,SchNet_MAE,GIN_R2,GIN_MAE
DA>=0.25 & rot=0,13,0.8519113115054419,0.11725384615384617,0.3171853122881131,0.2582923076923077
n_cyano>=1 & DA>=0.25,13,0.6621208945087782,0.18678461538461535,0.08687541633320628,0.36956923076923076
n_cyano>=2 & DA>=0.25,13,0.6621208945087782,0.18678461538461535,0.08687541633320628,0.36956923076923076
DA>=0.2 & DA>=0.25,19,0.514534237687857,0.2449105263157895,0.049013066982078524,0.38982631578947374
DA>=0.25,19,0.514534237687857,0.2449105263157895,0.049013066982078524,0.38982631578947374
DA>=0.25 & TPSA_hi,19,0.514534237687857,0.2449105263157895,0.049013066982078524,0.38982631578947374
DA>=0.25 & has_5ring,19,0.514534237687857,0.2449105263157895,0.049013066982078524,0.38982631578947374
DA>=0.25 & n_het>=4,19,0.514534237687857,0.2449105263157895,0.049013066982078524,0.38982631578947374
n_N>=2 & DA>=0.25,18,0.5139689359548518,0.25648333333333334,0.04861902015047481,0.40693333333333337
n_N>=1 & DA>=0.25,18,0.5139689359548518,0.25648333333333334,0.04861902015047481,0.40693333333333337
n_cyano>=2 & DA>=0.2,15,0.4875210109400574,0.22556666666666664,0.13831692480615176,0.3371933333333334
n_cyano>=1 & DA>=0.2,15,0.4875210109400574,0.22556666666666664,0.13831692480615176,0.3371933333333334
DA>=0.25 & bertz_hi,17,0.4850380391035297,0.26592352941176467,0.007393268205790782,0.4121764705882353
DA>=0.25 & HA>=14,17,0.4850380391035297,0.26592352941176467,0.007393268205790782,0.4121764705882353
n_cyano>=2 & TPSA_hi,17,0.4751267153674814,0.21640588235294114,-0.04774038163480765,0.3653764705882353
n_cyano>=1 & TPSA_hi,17,0.4751267153674814,0.21640588235294114,-0.04774038163480765,0.3653764705882353
n_cyano>=1 & n_het>=4,18,0.4664928522124191,0.21860000000000002,-0.05056878092785655,0.3601333333333334
n_cyano>=2 & n_het>=4,18,0.4664928522124191,0.21860000000000002,-0.05056878092785655,0.3601333333333334
DA>=0.2 & rot=0,20,0.45959694391152195,0.18383,0.25505648663563185,0.26383
n_N>=3 & no_O,10,0.4545650457249595,0.31282,-0.27294179142666697,0.62311
TPSA_hi & no_O,14,0.4328478540960842,0.3027214285714286,-0.17658147915139644,0.5193071428571429
DA>=0.2 & no_O,12,0.4215785804196306,0.332075,-0.08432800279517139,0.5371
DA>=0.25 & chrg_hi,16,0.41721187306693286,0.21350000000000002,0.05950528695113222,0.30918125
n_N>=3 & TPSA_hi,12,0.41009172775295044,0.30089166666666667,-0.27790571055605096,0.5358416666666667
n_N>=3 & n_het>=4,12,0.41009172775295044,0.30089166666666667,-0.27790571055605096,0.5358416666666667
n_N>=3 & has_5ring,12,0.41009172775295044,0.30089166666666667,-0.27790571055605096,0.5358416666666667
n_N>=2 & n_N>=3,12,0.41009172775295044,0.30089166666666667,-0.27790571055605096,0.5358416666666667
n_N>=1 & n_N>=3,12,0.41009172775295044,0.30089166666666667,-0.27790571055605096,0.5358416666666667
n_N>=3,12,0.41009172775295044,0.30089166666666667,-0.27790571055605096,0.5358416666666667
DA>=0.25 & has_O,11,0.4046825121895564,0.1475272727272727,0.06885354526598242,0.19840909090909092
DA>=0.2,27,0.3996150779470432,0.25530740740740737,0.08488686731110906,0.3522888888888889
DA>=0.2 & has_5ring,27,0.3996150779470432,0.25530740740740737,0.08488686731110906,0.3522888888888889
rot=0 & TPSA_hi,19,0.3991878244110496,0.1993263157894737,0.26410799623988546,0.2524789473684211
TPSA_hi & n_het>=4,23,0.3965762254706623,0.2566956521739131,-0.044595706101618005,0.3832043478260869
n_cyano>=1 & no_O,15,0.3956235276056598,0.3095799999999999,-0.045746682406289096,0.5286466666666667
n_cyano>=2 & no_O,15,0.3956235276056598,0.3095799999999999,-0.045746682406289096,0.5286466666666667
DA>=0.2 & n_het>=4,21,0.3945147927565317,0.26707619047619047,0.06169335090868178,0.3647714285714286
n_N>=3 & HA>=14,11,0.3920426097488222,0.3195181818181818,-0.297432221096225,0.5556636363636364
n_N>=3 & bertz_hi,11,0.3920426097488222,0.3195181818181818,-0.297432221096225,0.5556636363636364
no_O & n_het>=4,16,0.3863074828818279,0.31280624999999995,-0.18734384891899336,0.52889375
DA>=0.2 & TPSA_hi,24,0.3665025620929332,0.2698041666666667,0.05989404772406959,0.36228750000000004
n_N>=3 & DA>=0.25,10,0.36640564286757393,0.35130000000000006,-0.19864118539782294,0.54232
n_N>=1 & DA>=0.2,23,0.36593571967183236,0.27994347826086957,0.05980768681950954,0.3744782608695652
n_N>=2 & DA>=0.2,23,0.36593571967183236,0.27994347826086957,0.05980768681950954,0.3744782608695652
n_N>=3 & DA>=0.2,11,0.3647904482285791,0.32733636363636365,-0.20676558047204252,0.5099545454545455
bertz_hi & n_het>=4,26,0.3637779255247481,0.2640076923076923,-0.09352256428048378,0.3819884615384615
bertz_hi & TPSA_hi,21,0.361450566242682,0.2748285714285715,-0.08960550785307331,0.40066666666666656
TPSA_hi & has_5ring,27,0.36131541765424535,0.2597740740740741,-0.03729722388179457,0.36492222222222215
TPSA_hi,27,0.36131541765424535,0.2597740740740741,-0.03729722388179457,0.36492222222222215
DA>=0.2 & HA>=14,19,0.36102042212391294,0.2882105263157895,0.026306426407143202,0.38213157894736843
DA>=0.2 & bertz_hi,19,0.36102042212391294,0.2882105263157895,0.026306426407143202,0.38213157894736843
n_N>=1 & TPSA_hi,26,0.36095005264363067,0.26835769230769235,-0.037185145801779784,0.3758076923076923
n_N>=2 & TPSA_hi,26,0.36095005264363067,0.26835769230769235,-0.037185145801779784,0.3758076923076923
bertz_hi & n_het>=6,12,0.3605788297411784,0.2959416666666666,-0.08556330555420955,0.3878000000000001
has_5ring & n_het>=6,12,0.3605788297411784,0.2959416666666666,-0.08556330555420955,0.3878000000000001
n_het>=4 & n_het>=6,12,0.3605788297411784,0.2959416666666666,-0.08556330555420955,0.3878000000000001
n_het>=6,12,0.3605788297411784,0.2959416666666666,-0.08556330555420955,0.3878000000000001
HA>=14 & n_het>=6,12,0.3605788297411784,0.2959416666666666,-0.08556330555420955,0.3878000000000001
chrg_hi & n_het>=6,10,0.35744233103627443,0.25973999999999997,0.2643834326893627,0.25605
HA>=14 & TPSA_hi,22,0.3558803575838735,0.27339090909090913,-0.08142088429325,0.38265909090909084
n_cyano>=2 & chrg_lo,11,0.3405604213455955,0.39752727272727273,-0.10962150557752448,0.6347818181818181
n_cyano>=1 & chrg_lo,11,0.3405604213455955,0.39752727272727273,-0.10962150557752448,0.6347818181818181
n_N>=1 & n_cyano>=2,25,0.3325298476638495,0.276016,-0.02189825170869475,0.409256
n_cyano>=1 & n_cyano>=2,25,0.3325298476638495,0.276016,-0.02189825170869475,0.409256
n_cyano>=2 & has_5ring,25,0.3325298476638495,0.276016,-0.02189825170869475,0.409256
n_cyano>=1 & has_5ring,25,0.3325298476638495,0.276016,-0.02189825170869475,0.409256
n_N>=1 & n_cyano>=1,25,0.3325298476638495,0.276016,-0.02189825170869475,0.409256
n_N>=2 & n_cyano>=2,25,0.3325298476638495,0.276016,-0.02189825170869475,0.409256
n_N>=2 & n_cyano>=1,25,0.3325298476638495,0.276016,-0.02189825170869475,0.409256
n_cyano>=2,25,0.3325298476638495,0.276016,-0.02189825170869475,0.409256
n_cyano>=1,25,0.3325298476638495,0.276016,-0.02189825170869475,0.409256
rot>=1 & bertz_hi,10,0.3111006033160705,0.36401,-0.32354060590033984,0.58987
n_N>=1 & n_het>=4,25,0.30268387215843795,0.277924,-0.0870550939157384,0.395116
n_N>=2 & n_het>=4,25,0.30268387215843795,0.277924,-0.0870550939157384,0.395116
bertz_hi & no_O,15,0.3025951837505939,0.38197999999999993,-0.20723019071093596,0.6489400000000001
n_cyano>=2 & HA>=14,22,0.299862999787486,0.2871681818181818,-0.05816491737626417,0.42122272727272725
n_cyano>=1 & HA>=14,22,0.299862999787486,0.2871681818181818,-0.05816491737626417,0.42122272727272725
rot=0 & n_het>=4,21,0.29839064494405965,0.2386666666666666,0.2178502093161503,0.2804047619047619
n_cyano>=1 & bertz_hi,20,0.29834923255453816,0.28990499999999997,-0.08185157973848534,0.44090999999999997
n_cyano>=2 & bertz_hi,20,0.29834923255453816,0.28990499999999997,-0.08185157973848534,0.44090999999999997
DA>=0.2 & chrg_hi,21,0.2879297671084091,0.22806190476190474,0.1266060878703118,0.28653809523809526
n_N>=2 & no_O,25,0.28602568544032825,0.3403,-0.09405067573927717,0.4983760000000001
n_N>=1 & no_O,25,0.28602568544032825,0.3403,-0.09405067573927717,0.4983760000000001
n_cyano>=2 & chrg_hi,14,0.28569362698514333,0.18054285714285712,0.3306329950752347,0.23205714285714288
n_cyano>=1 & chrg_hi,14,0.28569362698514333,0.18054285714285712,0.3306329950752347,0.23205714285714288
n_N>=1 & rot=0,26,0.2796926517994851,0.2681576923076923,0.10317491866536632,0.33596923076923074
n_N>=2 & rot=0,26,0.2796926517994851,0.2681576923076923,0.10317491866536632,0.33596923076923074
n_N>=2 & chrg_lo,19,0.27000089296749985,0.34876842105263156,-0.09783884347837457,0.5004578947368422
n_N>=1 & chrg_lo,19,0.27000089296749985,0.34876842105263156,-0.09783884347837457,0.5004578947368422
bertz_hi,28,0.26894903560087113,0.31169642857142854,-0.10471462908081541,0.43812499999999993
bertz_hi & HA>=14,28,0.26894903560087113,0.31169642857142854,-0.10471462908081541,0.43812499999999993
bertz_hi & has_5ring,28,0.26894903560087113,0.31169642857142854,-0.10471462908081541,0.43812499999999993
rot=0 & no_O,24,0.2675779277585256,0.29612916666666667,0.06474620351541249,0.3718333333333333
n_N>=2 & bertz_hi,25,0.25635867456006245,0.31701599999999996,-0.12804375402880774,0.4575200000000001
n_N>=1 & bertz_hi,25,0.25635867456006245,0.31701599999999996,-0.12804375402880774,0.4575200000000001
n_N>=1 & n_het>=6,10,0.25488465157820706,0.31277999999999995,-0.2720625051971135,0.42497999999999997
n_N>=2 & n_het>=6,10,0.25488465157820706,0.31277999999999995,-0.2720625051971135,0.42497999999999997
TPSA_hi & n_het>=6,10,0.25488465157820706,0.31277999999999995,-0.2720625051971135,0.42497999999999997
n_cyano>=2 & rot=0,20,0.25100432792129757,0.28611,0.053007214670413694,0.36035500000000004
n_cyano>=1 & rot=0,20,0.25100432792129757,0.28611,0.053007214670413694,0.36035500000000004
n_N>=2 & has_5ring,37,0.24973636249776054,0.30396486486486485,-0.0449119382645955,0.40432702702702705
n_N>=1,37,0.24973636249776054,0.30396486486486485,-0.0449119382645955,0.40432702702702705
n_N>=2,37,0.24973636249776054,0.30396486486486485,-0.0449119382645955,0.40432702702702705
n_N>=1 & has_5ring,37,0.24973636249776054,0.30396486486486485,-0.0449119382645955,0.40432702702702705
n_N>=1 & n_N>=2,37,0.24973636249776054,0.30396486486486485,-0.0449119382645955,0.40432702702702705
HA>=14 & no_O,20,0.24361814368744028,0.37528000000000006,-0.17290198807320478,0.54696
n_het>=4,32,0.23174153506160544,0.295065625,-0.07365744492968052,0.38265937499999997
has_5ring & n_het>=4,32,0.23174153506160544,0.295065625,-0.07365744492968052,0.38265937499999997
no_O & has_5ring,33,0.23102818988347396,0.33894545454545455,-0.08364974306194828,0.44853939393939396
no_O,33,0.23102818988347396,0.33894545454545455,-0.08364974306194828,0.44853939393939396
bertz_hi & chrg_hi,20,0.22826666050368227,0.25218,0.09506837935452828,0.29276
rot=0 & bertz_hi,18,0.22811595029433018,0.2826333333333333,0.024781466026175925,0.35382222222222226
HA>=14 & n_het>=4,28,0.22070538601406442,0.3073535714285714,-0.10614161781899933,0.40277142857142856
chrg_hi & TPSA_hi,19,0.20342709238705736,0.24508947368421052,0.07286422442147766,0.2912263157894737
n_N>=2 & chrg_hi,18,0.20291779516841235,0.2566722222222222,0.0737998183665255,0.30285555555555566
n_N>=1 & chrg_hi,18,0.20291779516841235,0.2566722222222222,0.0737998183665255,0.30285555555555566
n_N>=1 & HA>=14,30,0.197262524369483,0.32337666666666665,-0.11529765897399491,0.4214366666666667
n_N>=2 & HA>=14,30,0.197262524369483,0.32337666666666665,-0.11529765897399491,0.4214366666666667
n_cyano>=2 & DA<0.2,10,0.1960942537773539,0.35168999999999995,-0.16372462291822898,0.5173500000000001
n_cyano>=1 & DA<0.2,10,0.1960942537773539,0.35168999999999995,-0.16372462291822898,0.5173500000000001
chrg_hi,27,0.19396021995250623,0.2572925925925926,0.10536137016907621,0.29418888888888894
chrg_hi & has_5ring,27,0.19396021995250623,0.2572925925925926,0.10536137016907621,0.29418888888888894
chrg_lo & HA>=14,13,0.19319961713438738,0.4199846153846154,-0.21486091749121772,0.585953846153846
rot=0 & HA>=14,23,0.1851846046946436,0.2977304347826087,0.050429081570690704,0.33615652173913046
has_5ring,53,0.18062163201374692,0.3035150943396226,-0.030925809190822884,0.3664735849056604
HA>=14,35,0.17875957374503793,0.3286,-0.09589510795032741,0.41091999999999995
HA>=14 & has_5ring,35,0.17875957374503793,0.3286,-0.09589510795032741,0.41091999999999995
rot=0 & chrg_hi,21,0.17438674522779807,0.22257619047619043,0.29822906099617064,0.23716190476190477
rot=0 & has_5ring,41,0.17295985132238145,0.2788560975609756,0.09118095973567086,0.31152439024390244
rot=0,41,0.17295985132238145,0.2788560975609756,0.09118095973567086,0.31152439024390244
rot=0 & chrg_lo,20,0.1707043966256312,0.33795,-0.00930300187088351,0.3896050000000001
chrg_lo,26,0.17059561233751952,0.3515153846153846,-0.11587830126486942,0.44153846153846155
chrg_lo & no_O,26,0.17059561233751952,0.3515153846153846,-0.11587830126486942,0.44153846153846155
chrg_lo & has_5ring,26,0.17059561233751952,0.3515153846153846,-0.11587830126486942,0.44153846153846155
rot>=1 & n_het>=4,11,0.1652223425037308,0.40273636363636367,-0.3484698984793866,0.5778727272727272
chrg_hi & HA>=14,22,0.15758159401598748,0.2746,0.07513531709664445,0.30749090909090915
rot>=1 & has_5ring,12,0.15724174193294238,0.38776666666666676,-0.3629096638587921,0.5542166666666667
rot>=1 & HA>=14,12,0.15724174193294238,0.38776666666666676,-0.3629096638587921,0.5542166666666667
rot>=1,12,0.15724174193294238,0.38776666666666676,-0.3629096638587921,0.5542166666666667
n_N>=1 & rot>=1,11,0.13983048629635497,0.38860000000000006,-0.40492020247001936,0.5659000000000001
n_N>=2 & rot>=1,11,0.13983048629635497,0.38860000000000006,-0.40492020247001936,0.5659000000000001
chrg_hi & n_het>=4,23,0.12532298131711583,0.28186956521739126,0.07079734268781535,0.3088956521739131
n_N>=2 & TPSA_lo,11,0.0833695139529661,0.3881272727272727,-0.06795440859287649,0.4717363636363636
n_N>=1 & TPSA_lo,11,0.0833695139529661,0.3881272727272727,-0.06795440859287649,0.4717363636363636
n_N>=1 & DA<0.2,14,0.08105732452994996,0.3434285714285714,-0.20340518775070415,0.4533642857142857
n_N>=2 & DA<0.2,14,0.08105732452994996,0.3434285714285714,-0.20340518775070415,0.4533642857142857
n_N>=2 & bertz_lo,12,0.0787917261134462,0.276775,0.2069651272241948,0.2935083333333333
n_N>=1 & bertz_lo,12,0.0787917261134462,0.276775,0.2069651272241948,0.2935083333333333
rot=0 & TPSA_lo,22,0.07351754649293085,0.3475409090909091,0.015136211703799973,0.36251818181818185
rot=0 & bertz_lo,23,0.0674514281849723,0.2759,0.19054874895157825,0.2784217391304348
HA<14 & has_5ring,18,0.03678423835087419,0.25473888888888885,0.12588535823615543,0.28005
bertz_lo & HA<14,18,0.03678423835087419,0.25473888888888885,0.12588535823615543,0.28005
HA<14,18,0.03678423835087419,0.25473888888888885,0.12588535823615543,0.28005
rot=0 & HA<14,18,0.03678423835087419,0.25473888888888885,0.12588535823615543,0.28005
DA<0.2 & rot=0,21,0.0199668816540991,0.36935714285714283,-0.003386705525235234,0.35694761904761907
TPSA_lo,26,-0.01635068650052207,0.34893846153846153,-0.046627256076603674,0.3680846153846154
TPSA_lo & has_5ring,26,-0.01635068650052207,0.34893846153846153,-0.046627256076603674,0.3680846153846154
DA<0.2 & HA>=14,16,-0.017729615015733557,0.3765625,-0.22822569446508179,0.44510625
HA>=14 & TPSA_lo,13,-0.02413113318145843,0.4220307692307692,-0.11265145082124906,0.4587461538461538
HA<14 & no_O,13,-0.02626790440673976,0.28304615384615384,0.1308937653024398,0.29712307692307693
chrg_lo & HA<14,13,-0.02626790440673976,0.28304615384615384,0.1308937653024398,0.29712307692307693
DA<0.2 & no_O,21,-0.03348798811090914,0.3428714285714286,-0.21087931879953925,0.39793333333333336
TPSA_lo & no_O,19,-0.05100828675207403,0.36563684210526315,-0.11242690574513259,0.3963947368421053
DA<0.2,26,-0.054864269299156776,0.35357692307692307,-0.15716185189503595,0.38120384615384617
DA<0.2 & has_5ring,26,-0.054864269299156776,0.35357692307692307,-0.15716185189503595,0.38120384615384617
DA<0.2 & chrg_lo,20,-0.05619295290614579,0.35177,-0.21665114817828246,0.399275
DA<0.2 & TPSA_lo,23,-0.05652239246521518,0.37627826086956523,-0.0568111725209508,0.3805782608695652
has_O & has_5ring,20,-0.06494389130297185,0.24505499999999997,0.17648693752130962,0.231065
chrg_hi & has_O,20,-0.06494389130297185,0.24505499999999997,0.17648693752130962,0.231065
has_O,20,-0.06494389130297185,0.24505499999999997,0.17648693752130962,0.231065
chrg_lo & TPSA_lo,18,-0.0736115260067618,0.37678888888888884,-0.11431827134843675,0.3978
DA>=0.2 & has_O,15,-0.08280358608680594,0.1938933333333333,0.1668588211999823,0.20444
bertz_lo,25,-0.09887720094094887,0.29435199999999995,0.13071698972630919,0.286224
bertz_lo & has_5ring,25,-0.09887720094094887,0.29435199999999995,0.13071698972630919,0.286224
rot=0 & has_O,17,-0.1488956444287688,0.2544705882352941,0.18110214889167164,0.22638235294117645
HA>=14 & has_O,15,-0.1676352308143494,0.26635999999999993,0.1669583875767192,0.2295333333333333
has_O & n_het>=4,16,-0.2172248303220914,0.27732499999999993,0.16128337888041422,0.23642499999999997
bertz_lo & chrg_lo,18,-0.2823916327718323,0.3030833333333333,0.0859977512422313,0.28153888888888884
bertz_lo & no_O,18,-0.2823916327718323,0.3030833333333333,0.0859977512422313,0.28153888888888884
bertz_lo & TPSA_lo,19,-0.2842538672527142,0.3219105263157895,0.028206549205763265,0.30087894736842097
TPSA_hi & has_O,13,-0.30547128739303875,0.21352307692307687,0.15835587744373103,0.19866153846153847
n_N>=1 & has_O,12,-0.3099260179577512,0.22826666666666662,0.16140741758580857,0.20839166666666667
n_N>=2 & has_O,12,-0.3099260179577512,0.22826666666666662,0.16140741758580857,0.20839166666666667
HA<14 & TPSA_lo,13,-0.3121382893883815,0.2758461538461538,-0.09429389404205968,0.27742307692307694
DA<0.2 & bertz_lo,17,-0.3679119920191778,0.3495,0.07208881095442199,0.2884882352941176
bertz_hi & has_O,13,-0.37709689540209035,0.23059999999999997,0.16069734399347513,0.19487692307692303
DA<0.2 & n_het>=4,11,-0.43240266457278964,0.3485,-0.6479316879041763,0.4168090909090909
DA<0.2 & HA<14,10,-0.44031434381401047,0.3167999999999999,0.008435595728644496,0.27896
n_cyano>=2 & has_O,10,-0.8649700623672287,0.22566999999999995,-0.3540439782570599,0.23017000000000004
n_cyano>=1 & has_O,10,-0.8649700623672287,0.22566999999999995,-0.3540439782570599,0.23017000000000004
