tsne_1,tsne_2,client,smiles
-45.717983,8.998729,Client A,C#CC1CC(=N)N1C=O
-39.358006,17.715233,Client A,CC1CCC(=O)C(=O)O1
-71.54619,-3.5439885,Client A,C#CC(C)C1(C=O)CO1
-52.143658,23.174725,Client A,CC1(C=O)COC(=O)N1
-33.555458,4.3788733,Client A,O=CC1=CC2NC2C1=O
-65.54718,-10.959638,Client A,N#CCC1(C#N)CNC1
-59.280132,-1.0170472,Client A,N#CC#CC1COC=N1
-53.330574,-0.12981819,Client A,N#CC1CO1
-60.456673,8.25527,Client A,C#CC#CCCC1CO1
-54.268562,-2.9166288,Client A,C#CCC1NCC1C#N
-25.576067,23.027721,Client A,CC1C(=O)C=C(N)C1=O
-36.82178,8.205617,Client A,C#CC1CNC(C=O)=N1
-38.80215,-10.063392,Client A,C#CC1=CC(C=O)CC1
-29.136667,3.5328233,Client A,C#CC1=CCOC(=N)C1
-61.35864,-5.7721453,Client A,N#CC#CC1(C#N)CO1
-55.49063,-6.5858803,Client A,N#CC1CC2CC12C#N
-57.23547,-12.73409,Client A,N#CC1(O)C=CCC1
13.45008,-16.697834,Client A,c1cc2cncc-2no1
-29.532331,16.534698,Client A,N=C1OCC(=O)CO1
-54.275806,-16.7493,Client A,N#CCC1CN=COC1
-61.610703,-9.971101,Client A,N#CC1(C=O)CCOC1
-20.011866,8.948539,Client A,O=C1NC=CNC(=O)N1
-40.026516,-15.914208,Client A,N#CC1=CCC2OC12
-48.82953,19.062895,Client A,CC1OC(C=O)C1=O
-19.603762,-0.8224599,Client A,N=C1C=CC(C(N)=O)O1
-46.38836,1.2336793,Client A,N#CC1CCC(=O)C1O
-70.5185,-6.2158484,Client A,C#CC1(C(C)C#N)CN1
-37.353756,15.333523,Client A,C#CC(O)C1COC1=O
-47.86097,-1.0872144,Client A,N#CC1CCCC(=O)C1
-25.992102,18.911816,Client A,N=C1CC(=O)C=CCO1
-45.151836,-1.5733197,Client A,N#CC1CNCCC1=O
-50.401546,-7.9678493,Client A,C#CC1C=CC(C#N)N1
-51.652344,14.337305,Client A,CC#CC1C=CC(C)O1
-47.27263,-1.6532065,Client A,N#CC1CC(=O)CCN1
-71.10511,-0.19919993,Client A,N#CC1(C(N)=O)CN1
-24.815199,16.98202,Client A,CC1(O)C=CC(=O)OC1
12.170028,-9.583975,Client A,c1cc2nc[nH+][n-]c-2n1
-63.4143,-9.891245,Client A,N#CC1(CNC=O)CC1
-60.232704,-15.663385,Client A,CC1(C#N)CN=COC1
-35.644474,16.319086,Client A,O=C1OCOC(=O)C1=O
-44.20975,16.997116,Client A,C#CC1OCCCC1=O
-39.31393,-0.1737937,Client A,C#CC1(C#C)CC(=O)C1
-30.366762,8.102997,Client A,C#CC1=CCCCC1=O
-27.84449,11.359874,Client A,O=C1CC(=O)C(=O)CN1
-45.785423,20.472485,Client A,O=CC1COCC(=O)O1
-32.949314,-3.8476002,Client A,C#CC1=C(C)CCOC1
-68.90188,2.274444,Client A,CC1(CC(=O)C#N)CO1
-51.34606,20.459206,Client A,CC1OC(=O)C1(C)C=O
-49.63097,-10.855446,Client A,COC1C=CC(C#N)O1
-24.860895,-4.5046806,Client A,N#CC1=CC=CC=CC1
-31.954182,14.733492,Client A,C#CC(=N)N1CCC1=O
-52.534733,-5.2527943,Client A,CCN1C(C#N)C1C#N
-33.941128,25.839357,Client A,O=CC1=CC(O)CC1=O
-35.038223,-8.2575245,Client A,C#CC1=CC(=NC)OC1
-23.87146,-1.796284,Client A,C1#CCC=CCCC=C1
-24.642744,3.464323,Client A,N#CC1=CC(=N)NC1=O
-55.288433,19.025166,Client A,C#CC1NC1(C=O)C=O
-39.775738,-3.058483,Client A,CC1(C#N)CNC(=O)C1
-6.283456,28.766489,Client A,NC(=O)N1C=NCC1=O
-47.38857,-7.7632723,Client A,C#CC#CC1NC1C#C
-44.376614,-21.001192,Client A,N#CCC1=NCCO1
-35.54593,-3.8181422,Client A,C#CC1=C(C)C(O)CC1
-22.051126,17.283205,Client A,CC1CC=CC1=O
-37.738197,-9.29702,Client A,C#CC1=CC(C)CC1
-21.64664,21.072538,Client A,O=CC1C=CC(=NO)C1
-49.865852,16.007284,Client A,CC#CC1OC(=O)C1C
-26.526571,-3.245141,Client A,N#CC(=N)N1C=CCC1
-32.494553,26.49431,Client A,O=C1C=CC=CC(O)C1
-25.305693,12.072958,Client A,NC1=CC(=O)C(=O)C1
-51.26053,-10.439761,Client A,CC1C=CCC1C#N
-47.3517,-7.7828274,Client A,C#CC1NC1C(F)(F)F
-30.323986,8.806184,Client A,O=CC1=CCCCC1=O
-35.823063,13.023503,Client A,CC1NC(=O)C(=O)C1O
-20.265472,25.73847,Client A,O=CN1C=NCCC1=O
-42.282234,8.6485615,Client A,C#CC1NC(=O)NC1C
-34.837357,12.479012,Client A,O=C1NC(=O)C(O)C1O
-59.66934,-5.854215,Client A,CN1CC1(C)C#CC#N
-40.130608,-2.615442,Client A,CC1(C#N)CC(=O)CN1
-42.650208,13.720855,Client A,C#CCC1OCCC1=O
-41.689034,-9.807872,Client A,N#CC1C=C(C=O)CC1
12.981877,-17.026068,Client A,c1nc2cncc-2co1
-28.096258,5.5635967,Client A,N=C1OCC=C1C(N)=O
-64.0746,10.763056,Client A,N#CCC#CC1CCC1
-39.176468,6.408209,Client A,C#CC1CC=CNC1=O
-27.441442,23.234594,Client A,COC1OC(=O)C=C1C
-30.197546,9.832674,Client A,O=CC1=CCCNC1=O
-43.811897,3.9899907,Client A,N#CC1C(=O)NCC1O
-36.880066,4.0200496,Client A,CC1C(=O)NC=C1C#N
-47.099888,10.073082,Client A,C#CC1CC(=N)O1
-47.806515,9.358479,Client A,C#CC1COC(=N)C1O
-67.10849,-0.135858,Client A,CC(=O)C1(C#N)CCC1
-31.010828,-9.9046955,Client A,CN1CC=C(C#N)C1=O
-66.17578,13.455346,Client A,CNC(=O)C#CC1CO1
-19.376255,11.348138,Client A,CC1=CC(=O)NC1=O
-60.92308,-9.963271,Client A,N#CC1(C=O)CC=CC1
-66.69127,-0.23223515,Client A,C#CC1(C(C)=O)CC1
-37.493885,20.03403,Client A,CC1=NC(CO)C(=O)O1
-32.739765,-3.870117,Client A,CC1=C(C#N)COCC1
-70.49678,-6.0858054,Client A,C#CC(O)C1(C#C)CN1
-46.582684,21.683302,Client A,O=CC1=NCC(C=O)O1
-49.32848,14.98643,Client A,CC#CC1=NCC(C)O1
-64.73637,-3.179471,Client A,C#CC1(C#CC)CC1C
-63.33449,16.121536,Client A,CC#CC(=O)N1CC1
-60.654423,5.0828986,Client A,C#CC1OC1C(N)=O
-66.06176,5.9384723,Client A,CC1OCC1C(=O)C#N
-61.105377,-15.437339,Client A,CC1(C#N)CCOC=N1
-39.170624,-10.399483,Client A,N#CC1=CC(C=O)CC1
-61.144043,-9.65942,Client A,N#CC1(C=O)CC1
-69.01588,1.7086368,Client A,N#CC(=O)C1(CO)CO1
-34.32194,12.828313,Client A,O=C1NCC(O)C(=O)N1
-65.25552,-11.883545,Client A,CC1(CC#N)CC=CC1
-57.829693,13.40134,Client A,O=CC#CC1CN1C=O
-68.08404,-1.9574561,Client A,C#CC1(C(=O)CO)CO1
-52.90279,-12.069132,Client A,CC1C=CC(C#N)C1O
-29.860266,11.002375,Client A,O=C1C=CCCNC1=O
-64.899956,0.21624945,Client A,C#CC1OC1(C)C(N)=O
-67.4581,1.328373,Client A,C#CC(=O)C1(C)CC1
-20.576138,3.695763,Client A,CC1=CCOCC1=O
-59.634724,10.118906,Client A,C#CC#CCC1CC1
-41.536903,7.654177,Client A,C#CC1CC(=O)C(=O)N1
-22.46803,13.297378,Client A,CC1=CC(=O)CC1
-29.295315,20.15871,Client A,CC1(O)CC(=O)OC1=N
-27.843145,18.047674,Client A,N=C1CNC=CC(=O)O1
-68.64224,-4.9560156,Client A,C#CC1(C#CCO)CN1
-55.4742,2.9401178,Client A,C#CCC1CC(C=O)O1
-20.103857,14.40208,Client A,CC1=CNCC=CC1=O
-25.777603,9.012449,Client A,O=CC1=NCC(=O)N1
-19.51667,7.1536903,Client A,CC1=CC=CCNC1=O
-44.594162,15.021627,Client A,C#CC1CC(=O)CCO1
-22.845675,6.81268,Client A,O=C1C=C(CO)NC1=O
-53.432896,1.1669778,Client A,N#CC1CN=C(N)O1
-51.75942,12.7447,Client A,CC#CC1CC=CCO1
-71.07744,-0.20060365,Client A,C#CC(=O)C1(C#N)CN1
-61.5495,14.608638,Client A,O=CC(=O)C1CC1
-38.11716,17.40193,Client A,CC1COC(=O)C1=O
-47.261032,8.6639185,Client A,C#CC1COC(=N)N1
-56.316742,0.00491092,Client A,C#CCC(C#N)C1CO1
-38.85486,-1.0351305,Client A,C#CC1(C)CC(=O)N1
-42.886677,6.7127156,Client A,C#CC(=O)C1CC(=O)N1
-34.39605,13.713008,Client A,O=C1NC(=O)C(O)CO1
-51.701065,2.7648838,Client A,N#CC1C=CC(=N)OC1
-27.163277,0.3970573,Client A,O=CC1(C=O)C=CCN1
-32.154163,18.425262,Client A,CC1OC(=N)CC1=O
-45.94581,-13.279103,Client A,N#CC12OC1C=CC2=O
-58.17979,-6.2227693,Client A,CC(C#CC#N)N1CC1
-24.596415,3.595485,Client A,C#CC1=CC(=N)NC1=O
-32.17305,25.623388,Client A,O=C1CC=CC(O)C1
-26.2445,23.172968,Client A,CC1OC(=O)C=C1N
-52.939587,19.976316,Client A,CC1(C=O)OC1C=O
-27.128328,12.755468,Client A,N=C1CC(=N)NC(=O)N1
-49.898457,9.929968,Client A,C#CC1OC(=N)C(C)O1
-34.78858,-2.341275,Client A,C#CC1=C(C)CC(=O)C1
-25.824903,9.103774,Client A,CC1=NCC(=O)N1
-27.14527,11.106293,Client A,O=C1CC(=O)NC(=O)C1
-67.04851,-7.8254237,Client A,C#CCC1(C#C)CCC1
-53.637947,4.3556833,Client A,CC1=NC(CC#N)CO1
-41.375385,9.552714,Client A,C#CC1C(=O)NCC1C
-50.55444,-7.88478,Client A,N#CC1C=CC(C#N)N1
-37.293385,-9.459544,Client A,CC1C=C(CC#N)CC1
-23.196535,14.012842,Client A,O=C1C=C(CO)CC1
-22.705866,7.0384254,Client A,O=C1CC=C(CO)N1
-24.785011,-2.811236,Client A,C1=CC=CCC=C1
-44.89274,17.809074,Client A,O=CC1OCCCC1=O
-62.14079,12.592881,Client A,O=CCC#CC1CC1
-54.060402,-4.3298416,Client A,C#CCN1CCC1C#N
-60.89517,-15.369288,Client A,CC1(C#N)COC=N1
-26.777994,9.840695,Client A,O=C1CN=COC(=O)N1
-24.934557,-0.5006629,Client A,O=CC1=CC=CCCC1
-52.220757,22.073769,Client A,CC1(C=O)OCC1=O
-62.887486,-3.060438,Client A,C#CC1CC1(C=O)CO
-26.353813,12.897118,Client A,N=C1CC(N)=CC(=O)N1
-55.294285,2.4180567,Client A,N#CC1CC(C=O)O1
-62.96717,3.5397336,Client A,C#CC#CC1CC(O)C1
-59.471706,-0.91717464,Client A,OCC#CC1COC=N1
-47.30899,17.988585,Client A,N=C1NC(=N)C(C=O)O1
-64.208626,-5.2789955,Client A,C#CC1(C=O)CCC1
-21.156618,15.91415,Client A,CN1CC=CC1=O
-22.621683,10.262419,Client A,N=C1NC(C=O)=CC1=O
-23.779253,28.246914,Client A,CC1=NCC(=O)N1C=N
-65.50481,-2.7125247,Client A,C#CC1(C#C)CC(C)O1
-38.135326,21.477547,Client A,O=C1COC(CO)C1=O
-68.64331,4.218507,Client A,N#CC(=O)CC1CCC1
-60.86451,15.231209,Client A,O=CC(=O)CC1CO1
-49.1462,0.3481492,Client A,N#CC1COC(=O)C1
-26.24371,14.180951,Client A,N=C1CCC=CC(=O)N1
-52.119377,1.910828,Client A,N#CC1COC(=N)O1
-22.399065,12.776018,Client A,CC1=CC(=O)C(=O)CC1
-40.320625,24.128805,Client A,CC(=O)C1COC(=O)C1
-54.31557,13.4995985,Client A,CCC#CC1OC1C#N
-40.58453,23.28792,Client A,CC(=O)C1CCC(=O)O1
-38.794605,12.973478,Client A,C#CC1C(O)C(=O)N1C
-29.980894,13.355272,Client A,O=C1COC(=O)CCN1
-61.25143,14.903024,Client A,O=CC(=O)C1CO1
-30.590273,23.287558,Client A,CC1C=CNC(=N)C1=O
-67.77277,1.4718065,Client A,CC1(C(=O)C#N)CC1
-33.17565,5.587597,Client A,O=CC1=CC2OC2C1=O
-16.654554,14.821567,Client A,CCN=C1C=CC(=O)N1
-46.598705,0.6914024,Client A,CC1CCC(=O)C1C#N
-34.520397,-2.071426,Client A,C#CC1=C(C)C(=O)CC1
-65.5441,10.996594,Client A,CC(=O)C#CC1CC1C
-25.581156,19.665003,Client A,N=C1C=C(N)C=CCO1
-44.748714,22.815807,Client A,O=CC1CC(=O)OC=N1
-61.29272,-13.068732,Client A,N#CC1(C=O)CNC=N1
-47.630802,3.6098573,Client A,N#CC1C2CC1C(=O)O2
-28.457733,-1.7963998,Client A,O=CC1C=CCOC=N1
-22.011023,-4.333251,Client A,CC1=CC=CCC=C1
-57.441563,6.5340443,Client A,C#CC1OC1CCC#N
-34.98024,10.072607,Client A,O=CC1C=CNC1=O
-41.506622,-1.9964104,Client A,CC1C(=O)CC1(O)C#N
-52.72932,-5.229438,Client A,CN1C(C#N)C1C#N
-44.002518,12.827969,Client A,C#CCC1C(=O)OC1C
-52.22351,-7.026616,Client A,CC#CCC1NC1C#N
-61.268982,-11.152585,Client A,N#CC1(OC=O)COC1
9.929291,-11.709761,Client A,c1cc2cc[nH]nc-2n1
-24.971437,-2.4404435,Client A,C1=CC=CCCC=C1
-31.077162,0.875451,Client A,C#CC1(C)N=COC1=O
-61.221336,-13.544836,Client A,N#CC1(C=O)COC=N1
-47.6901,-0.32501128,Client A,N#CC1CCC(=O)NC1
-53.737083,14.985534,Client A,CC#CC1OC1C=O
-54.890614,0.67844987,Client A,N#CC1OCC1CC=O
-38.873917,0.10865552,Client A,C#CC1(OC)CC(=O)C1
-41.915596,12.653075,Client A,C#CCC1CCC1=O
-56.75044,13.6075535,Client A,CC1OC1C#CC=O
-25.933931,-1.7846711,Client A,O=CC1C=CC=CCC1
-35.71511,18.662006,Client A,COC1C(=O)COC1=O
-31.237902,23.514017,Client A,CC1C=CCC(=O)C1=O
-46.4036,-11.775129,Client A,N#CC12C=CC(N1)C2=O
-49.556408,17.905245,Client A,CC1C(=O)OC1C=O
-55.050217,19.102161,Client A,O=CC1NC1(C=O)C=O
-63.337074,3.7707546,Client A,C#CC(=O)C1CC(O)C1
-69.12936,7.463666,Client A,C#CC#CC(=O)C1CN1
-3.5750732,22.951645,Client A,CC(O)C1=NCC(=O)O1
-16.661194,14.792013,Client A,CN=C1C=CC(=O)N1
-21.596773,-5.574371,Client A,CC1=CC=CC=CC=C1
-25.132195,15.175412,Client A,O=C1CC=CCC1
-50.040108,-2.6327295,Client A,CC1=C(C)CC(C#N)C1
-63.09128,6.884374,Client A,C#CC(=O)C(C)C1CO1
-44.923313,-1.6872225,Client A,N#CC1CNC=CC1=O
-19.143438,16.083752,Client A,CCN1C=CC(=O)C1=N
-40.149487,-10.999108,Client A,N#CC1=CC(C#N)CC1
-49.902706,9.924401,Client A,C#CC1OC(C)OC1=N
-44.732944,-20.420364,Client A,C#CC(=O)C1=NCCO1
-27.27483,-5.8203554,Client A,C#CC1=CCC=CC=C1
-51.653774,-18.243877,Client A,C#CC1C=CCN=CO1
-32.64342,22.84401,Client A,CC1C=CC(O)C1=O
-45.718834,21.461233,Client A,O=CC1CC(=O)C(=O)O1
-58.535625,-5.34238,Client A,CN1CC(C#CC#N)C1
-18.73428,8.827297,Client A,CN1C=CC=CNC1=O
-47.716385,3.8499076,Client A,N#CC1OC(=O)C2CC12
-22.592113,17.872406,Client A,O=C1C=C2C=CCC2C1
-19.027138,18.691626,Client A,CC1C=CC(=O)N1C=O
-65.465706,-11.14556,Client A,N#CCC1(CC#N)CC1
-62.88817,7.008613,Client A,C#CC#CC(C)C1CO1
-43.922195,-6.0037766,Client A,N#CC1CN=C(C=O)N1
-53.419888,-17.599081,Client A,CC1CN=COC1C#N
-51.98693,-2.4577665,Client A,C#CC1CCC(C#N)C1
-26.246199,-15.049175,Client A,N#CC1=CNCC1=NO
-59.252216,11.251269,Client A,O=CC#CCC1CC1
-25.730906,11.863125,Client A,NC1=C(N)C(=O)CC1=O
-51.220985,-12.683585,Client A,CC1OCC=CC1C#N
-39.295544,16.506023,Client A,CC1=C(C)C(C)OC1=O
-40.215332,6.526476,Client A,C#CC1CC(=N)NC1=O
-14.902324,-25.399622,Client A,CC1N=C(C#N)NC1=N
-23.491663,15.09293,Client A,O=C1C=CC(=O)CC1
-39.675507,8.499841,Client A,C#CC1NC=NCC1=O
-31.021597,-9.838826,Client A,C#CC1=CCN(C)C1=O
-57.97595,1.7248337,Client A,CC(C#N)C1CC1C=O
-37.360634,-7.1746063,Client A,C#CC1=CCC(C)(O)C1
-71.52207,-3.5726826,Client A,C#CC(O)C1(C=O)CO1
-57.44788,6.942792,Client A,C#CC1OC1CC=O
-34.707684,19.183636,Client A,O=C1COC(=O)C(O)C1
-19.38265,11.166745,Client A,NC1=CC(=O)NC1=O
-27.902124,14.056517,Client A,N=C1CCOC(=O)N1
-20.662878,3.1104393,Client A,FC(F)(F)C1=CCOC1
-42.349213,24.331375,Client A,O=CCCC1CC(=O)O1
-21.072693,24.414711,Client A,O=CCN1C=CCC1=O
-53.96094,-18.470694,Client A,N#CC(O)C1CN=CO1
-61.759277,1.1750506,Client A,C#CC(O)(C#N)C1CC1
-56.155537,-8.470891,Client A,CC1CNC1(C#N)C#N
-35.186913,-13.708546,Client A,N#CC1=CCC(=O)NC1
-39.823967,0.20602846,Client A,C#CC1(C=O)CC(=O)C1
-60.426,8.163435,Client A,N#CC#CCCC1CO1
-35.348595,11.241712,Client A,O=CC1CNC1=O
-35.418327,-3.7854402,Client A,C#CC1=C(C)CC(O)C1
-34.397583,-13.627313,Client A,N#CC1=CC(=O)CNC1
-40.806145,3.320029,Client A,C#CC(=O)C1=CNCC1
-60.394543,-8.544118,Client A,N#CC1CCC1(O)C=O
-36.00079,21.68235,Client A,O=COC1C(=O)CC1O
-24.212038,-4.0240884,Client A,OCC1=CC=CC=CC1
-24.038958,10.069668,Client A,O=CC1=CCOC(=O)N1
-45.861076,-3.709128,Client A,CCN1CC(C#N)C1=O
-42.77389,-9.163693,Client A,C#CC1CC=C(C=O)C1
-42.798965,16.349764,Client A,C#CC#CC1OCC1=O
-60.53463,3.9732406,Client A,N#CC1COC1C(N)=O
-56.535316,13.64646,Client A,CCC1OC1C#CC=O
-54.607964,6.1572533,Client A,N#CCC1OC(=O)C1O
-41.953304,-9.641657,Client A,C#CC1C=C(C=O)CC1
-52.70058,17.267416,Client A,COC(=O)C1OC1C=O
-51.97358,-0.031506654,Client A,CC1=CCC(C#N)OC1
-53.400913,-19.51271,Client A,NC(=O)OC1CN=CO1
-52.99067,-2.4919608,Client A,C#CC1CCC(C#N)N1
-57.81368,2.9623487,Client A,N#CCC1CCC1C=O
-30.463142,15.40334,Client A,O=C1CCC(=O)COC1
-34.708267,15.962185,Client A,CN1CCOC(=O)C1=O
-64.89111,-9.811617,Client A,CC#CCC1(C#N)CC1
0.19538161,-16.383438,Client A,c1c[nH]c2cncc-2n1
-42.94428,-6.9286733,Client A,N#CC1CC(C=O)=CN1
-39.370556,13.3717,Client A,C#CC1COC(=O)N1C
-58.305813,12.927765,Client A,O=CC#CC#CC1CN1
-49.189533,2.317936,Client A,N#CC1OCOC1=O
-66.161995,-11.936081,Client A,CC#CC1(CC#N)CN1
-27.584019,7.2707725,Client A,NC(=O)C1=CCC(=O)C1
-63.246384,10.633812,Client A,CC#CC#CC1CCC1
-37.435436,18.242912,Client A,CC1=CC(O)COC1=O
-37.70382,5.074855,Client A,C#CC1C(=O)NC=C1C
-36.57148,16.752115,Client A,CC1C(=O)OCOC1=O
-65.28323,1.5244938,Client A,C#CC1CN1C(C)=O
-49.16906,0.3702776,Client A,N#CC1COC(=O)OC1
-52.10762,1.3577269,Client A,N#CC1COC(=N)CO1
-24.052488,5.740938,Client A,C#CC1=CC(=O)C(=O)N1
-34.90318,31.701897,Client A,CC(C#N)N1CCC1=O
-50.49707,-10.812718,Client A,CC1CC=CC(C#N)O1
-41.873135,12.36758,Client A,C#CCC1CNC1=O
-61.783627,1.1905679,Client A,C#CC(O)(C#C)C1CC1
-53.182976,-17.971144,Client A,N#CC1CN=CO1
-43.93197,0.77483046,Client A,N#CC1CC(=O)NC1=N
-31.506311,12.224104,Client A,O=C1NCCC(O)C1=O
-39.897324,26.698492,Client A,COC(=O)C1CC(=O)C1
-30.619995,16.722452,Client A,CN1C(=N)OCC1=O
-31.053982,0.8933707,Client A,CC1(C=O)N=COC1=O
-31.358341,26.53592,Client A,O=C1C=CCC(O)C=C1
-56.49086,-12.652241,Client A,CC1C=CC(O)(C#N)C1
-62.76077,-7.7250543,Client A,CC1(C(C#N)C=O)CO1
-44.10022,1.3004214,Client A,N#CC1CC(=O)OC1=N
-52.260223,23.785278,Client A,CCC1(C=O)COC1=O
-40.9421,19.046755,Client A,O=COCC1COC1=O
-53.767715,-9.085578,Client A,C#CC1C=CC(O)C1
-34.12848,22.730505,Client A,CC(=O)N1CC(O)C1=O
-37.95573,11.058949,Client A,C#CC1C=CC(=O)CO1
-20.278027,3.937903,Client A,CC(=O)C1=CCOC1
-43.54038,11.014409,Client A,C#CC1COC(C)C1=O
-52.068123,22.250948,Client A,CC1(C=O)COCC1=O
-64.77185,10.795702,Client A,CC1CC1C#CCC#N
-44.62041,20.893555,Client A,O=CC1CC(=O)CCO1
-18.355658,18.903233,Client A,O=CN1C2C=CC(=O)C21
-56.368374,-3.0658689,Client A,N#CC1C(C=O)C1C=O
-21.689991,20.201801,Client A,O=C1C=CC(=NO)C1
-64.00284,4.7798657,Client A,C#CC(=O)C1OC1CC
-57.775127,-3.076379,Client A,N#CC1OC1(C#N)CO
-51.35437,-3.9857876,Client A,N#CCN1CC(C#N)C1
-22.413544,15.4810705,Client A,O=C1C=CC2=CCCN12
-27.842218,16.517488,Client A,N=C1C=CNC(=O)CO1
-66.7111,-8.196735,Client A,C#CCC1(C#CC)CC1
-49.778954,2.4432795,Client A,N#CC1OCC=C1C=O
-47.599457,11.822001,Client A,N=C1CCC(OC=O)O1
-45.327236,23.879385,Client A,NC1=NC(C=O)CC1=O
-34.114273,-13.571744,Client A,N#CC1=CC(=O)CCC1
-35.318405,19.173203,Client A,O=C1COC(=O)C1O
-18.664213,12.623364,Client A,CC1=CC(=N)OC1=O
-49.080933,18.74657,Client A,CC1OC(=O)C(C=O)O1
-46.767727,18.039831,Client A,N=C1OCOC1C=O
-37.262104,4.6479354,Client A,C#CC1=CNC(=O)C1O
-68.056725,-1.8583126,Client A,C#CC1(C(=O)NC)CO1
-68.436264,5.639108,Client A,N#CC(=O)C1CCCN1
-62.129986,13.173535,Client A,O=CC(=O)C#CC1CC1
-57.081238,3.9858797,Client A,C#CC1CC1CC#N
-32.568283,26.190645,Client A,O=C1C=CC(O)CC1=O
-29.50964,17.430716,Client A,N=C1COC(=O)O1
-40.31942,6.4884133,Client A,C#CC1CNC(=N)C1=O
-35.90179,23.971012,Client A,O=CC1=CCC(=O)C1O
-38.620113,9.42978,Client A,C#CC1N=C(N)CC1=O
-34.09308,-0.44396642,Client A,CCC1=C(C)C(=O)OC1
-60.341606,-3.3592312,Client A,C#CC1(C=O)OC1C#N
-33.082504,-6.4895973,Client A,C#CC1=CCOC1OC
-44.567265,10.739051,Client A,C#CC1OC(=O)CC1C
-28.127005,4.611424,Client A,CC#CC1=CCOC1=N
-67.127335,-7.4104486,Client A,C#CCCC1(C#C)CC1
-69.20417,7.220882,Client A,N#CC#CC(=O)C1CN1
-66.51034,-3.5456703,Client A,C#CC#CC1(C#C)CO1
-50.956814,7.1548667,Client A,N#CC1C(=N)OC1CO
-36.111595,24.63314,Client A,O=CC1=CC(=O)C2CC12
-26.29377,27.72706,Client A,N=CN1C=CC(O)C1=O
-51.449562,-10.115216,Client A,C#CC1C=CCC1C#N
-27.557316,-5.947762,Client A,C#CC1=CCOCC=C1
-34.890408,31.682777,Client A,N#CCCN1CCC1=O
-68.669,8.038745,Client A,C#CC(=O)C(=O)C1CN1
-58.614708,-9.229593,Client A,CC1(C#N)CCC1C=O
-62.875515,15.916267,Client A,O=CC(=O)C(=O)N1CC1
-21.09911,2.3652904,Client A,N#CC#CC1=CCOC1
-44.779068,21.12416,Client A,O=CC1CC(=O)CO1
-36.450306,16.578753,Client A,NC1C(=O)OCOC1=O
-54.962112,-12.574588,Client A,CC1C=CC(C)(C#N)O1
-55.087337,-1.2663981,Client A,C#CC(C#N)C1CCC1
-51.1193,-2.6370037,Client A,CC#CC1CC(C#N)C1
-56.109085,-4.533007,Client A,N#CC1CC=CN1C=O
-58.416927,6.0569158,Client A,C#CC1OC1C#CC#N
-29.838755,18.84773,Client A,N=C1CCC(=O)O1
-24.539557,18.65607,Client A,CC1=CC(=O)OCC=C1
-22.194036,11.683559,Client A,CC1=CC(=O)C(=N)NC1
-28.049337,23.075573,Client A,COC1OC(=O)OC1=N
-67.29302,-10.244593,Client A,C#CCC1(CC#N)CO1
-22.479504,-3.6498744,Client A,OCC1=CC=CCC=C1
-53.77338,-5.5320086,Client A,C#CC(C)N1CC1C#N
-42.91153,20.656456,Client A,O=CC1OCC(=O)C1O
-60.097794,-0.62899303,Client A,C#CC1N=COCC1O
-25.135073,27.640905,Client A,N=CN1C=CCOC1=O
-30.02089,12.123185,Client A,O=C1CCNC1=O
-24.749132,14.167467,Client A,NC1=CC(=O)C=CCC1
-67.8,-9.862406,Client A,C#CCC1(C#N)CCO1
-66.19192,5.410647,Client A,N#CC(=O)C1OCC1O
-61.466095,-5.642379,Client A,N#CC#CC1(CO)CO1
-44.29139,-0.6117845,Client A,CC1CC(C#N)C(=O)N1
-57.768654,-9.000134,Client A,CC1(C#N)CNC1C#N
-30.829416,19.825876,Client A,N=C1OC(=O)CCC1O
-53.180138,20.892889,Client A,O=CC1(C=O)OCCO1
-48.92906,5.3438888,Client A,CC1OC(=O)OC1C#N
-43.824425,-21.896208,Client A,N#CCC1=NCC(=N)N1
-57.73271,2.9438365,Client A,N#CCC1CC1C=O
-53.379524,-0.027187694,Client A,N#CC1COC(C#N)O1
-41.65968,8.6946335,Client A,C#CC1NC(=O)C1C#C
-66.23395,-3.2875733,Client A,C#CC1(C#C)CO1
-45.73192,13.327834,Client A,C#CC1COCC(=O)O1
-19.596506,-0.82549715,Client A,N=C1C=CC(CC=O)O1
-29.247429,15.771105,Client A,N=C1COC(=O)N1C=O
-20.431963,25.535284,Client A,O=CN1C=CCCC1=O
-53.592865,16.594131,Client A,O=CC1OC1C(F)(F)F
-52.608265,5.963649,Client A,N#CC(O)C1CC(=N)O1
-33.05277,6.0634623,Client A,O=C1C=CC2OC2C1=O
-34.29606,-1.2949529,Client A,C#CC1=C(C)C(=O)OC1
-46.2644,-3.50764,Client A,CN1CC(=O)C(C#N)C1
-33.337097,12.313952,Client A,O=C1NCC=CC1O
-27.739569,3.392801,Client A,N#CC1=CCOC(=N)N1
-68.19844,-9.527755,Client A,C#CCC1(C#N)CCN1
-32.81261,16.7024,Client A,CC1=CCC(=O)OC1
-42.02772,24.285894,Client A,CC(=O)CC1CC(=O)O1
-40.933792,11.634239,Client A,C#CC1C(=O)CCC1O
-63.441544,-9.866237,Client A,N#CC1(CC=O)CC1
-49.218872,-3.0891197,Client A,CC1=CCCCC1C#N
-33.740208,-5.5409026,Client A,C#CC1=C(C)COC1C
-24.537443,5.819835,Client A,C#CC1=CCNC(=O)N1
-47.217327,10.546779,Client A,C#CC1CCC(=N)O1
-49.955128,6.117201,Client A,CC1C(=N)OC1C#N
-29.091745,17.163954,Client A,N=C1CC(=O)C(=O)CO1
-44.788387,12.029163,Client A,C#CC1CC(C)C(=O)O1
-21.146172,21.00205,Client A,O=CN1C=CC(=NO)C1
-63.945496,-3.642674,Client A,C#CC1(C#C)CC1C=O
-32.48664,20.397047,Client A,CC1C(=O)OC(=N)C1O
-24.531944,27.915956,Client A,CC1=CN(C=N)C(=O)C1
-26.149422,16.591639,Client A,O=C1CC=CC(=O)OC1
-40.682274,21.932335,Client A,CC(=O)C1OCCC1=O
-48.542664,19.476034,Client A,CC1CC(=O)C(C=O)O1
-33.05723,10.384087,Client A,COC1CC(=O)NC1=O
-51.309048,-1.8706187,Client A,N#CC1CC(C(N)=O)C1
-28.114012,6.6164117,Client A,NC(=O)C1=CCCC1=O
-56.21796,5.2868533,Client A,C#CCC1OC1CC#N
-34.577126,21.236639,Client A,CC1C(=O)C(=O)CC1O
-40.994514,-1.9313546,Client A,N#CC1(O)CC(=O)C1
-33.861317,3.9001305,Client A,N#CC1=CC2NC2C1=O
-38.67396,17.47984,Client A,CC1COC(=O)C(=O)O1
-52.45512,-18.18727,Client A,C#CC#CC1CN=CO1
-49.625175,9.632988,Client A,C#CC1C(=N)OC1C
-53.50548,-3.0920634,Client A,N#CC1CNCC1C#N
-42.51503,8.346032,Client A,C#CC1NC(=O)CC1C
-35.513935,20.504192,Client A,O=C1CCC(=O)C1O
-68.5574,-4.8985043,Client A,C#CC#CC1(C#C)CN1
-21.01584,14.698916,Client A,CC1=C(C)C=CCC=C1
-40.083088,26.945026,Client A,CC(=O)OC1CC(=O)C1
-54.070816,14.562725,Client A,CCC#CC1OC1C=O
-65.607925,-0.32570246,Client A,C#CC1(C(C)=O)OC1C
-47.32615,-3.4940135,Client A,CN1CC(=O)CC1C#N
-31.723515,19.845036,Client A,CC1CC(=O)OC1=N
-53.25268,5.9265966,Client A,N#CCC1CC(=N)O1
-42.76495,-7.052788,Client A,O=CC1=CNC(C=O)C1
-65.21237,-5.3410296,Client A,C#CC1(C(O)C=O)CC1
-29.536415,18.70055,Client A,N=C1CCNC(=O)O1
-43.51563,17.09955,Client A,CC#CC1OCCC1=O
-47.591057,4.9486966,Client A,N#CC1OC(=O)CC1N
-52.94864,-12.07507,Client A,CC1C(O)C=CC1C#N
-39.24222,-14.371852,Client A,CC1CC(C#N)=CC1O
-22.394768,23.866129,Client A,O=CN1CC(=O)CC1=O
-50.023075,6.105428,Client A,COC1C(=N)OC1C#N
-38.767727,21.577091,Client A,O=C(CO)C1OCC1=O
-40.689365,27.666296,Client A,CC(=O)C(=O)OC1CC1
-35.594723,3.171183,Client A,N#CC1=CC2NC1C2=O
-66.04231,5.6888647,Client A,CC1OC1C(=O)C#N
-50.986713,-6.5393276,Client A,N#CC(O)C1NC1C#N
-40.40693,-12.295049,Client A,C#CC1C=C(C#N)CN1
-30.02995,7.097314,Client A,C#CCC1=CCCC1=O
-39.30654,-14.547805,Client A,CC1CC=C(C#N)C1
-20.741253,12.596032,Client A,CC1=CC(=O)NC=CC1
-53.654198,-1.3725181,Client A,C#CC1OCCC1C#N
-23.645304,16.022945,Client A,CC1(C=O)C=CC(=O)C1
-52.854965,-9.478425,Client A,N#CC1CC=CC(O)C1
-50.677853,-13.362947,Client A,N#CCOC1C=CCO1
-55.959503,-12.556369,Client A,CC1(C#N)C=CC(O)C1
12.600894,-10.589283,Client A,c1cc2nc[nH]cc-2n1
-56.52926,-2.9839315,Client A,N#CC1C(C#N)C1CO
-59.18907,11.420883,Client A,O=CC#CCC1CCO1
-19.665928,8.078544,Client A,O=C1NC=CC=CCN1
-34.401573,18.147112,Client A,CC1=CC(O)C(=O)OC1
15.487909,-10.151748,Client B,N=COc1cccnc1
1.6600914,-4.563944,Client B,CNc1ncc(O)cn1
-5.506429,6.158285,Client B,CC(=O)c1ccc(C)[nH]1
-12.660391,3.6255322,Client B,Oc1nc2c(o1)C=CC2
-12.458551,-5.319963,Client B,O=Cc1cnn(C=O)n1
-11.104294,13.588965,Client B,Cc1nc(=O)cc[nH]1
11.913571,16.244184,Client B,N=c1oncnc1O
-2.4732175,-28.574251,Client B,C#Cc1noncc1=O
2.9900775,-18.050495,Client B,C#CCc1cnccn1
-6.8745728,-11.780047,Client B,Cc1c[nH]c(CC=O)n1
5.6229453,-31.33244,Client B,C#Cc1ncc(CO)o1
1.9420463,-2.3442504,Client B,Cc1cnc(O)nc1O
1.7392586,16.647793,Client B,O=Cc1cc(=O)cno1
-7.242137,9.337044,Client B,Nc1c(O)cn[nH]c1=O
-12.137744,1.2930481,Client B,Nc1nc(O)c(C=O)o1
-12.1808195,-6.5800242,Client B,O=Cn1cnc(=O)nc1
7.351299,20.19979,Client B,Cc1noc(=N)[nH]c1=O
0.91872734,22.067524,Client B,O=c1cncc(CO)o1
1.9348079,-13.974849,Client B,O=COc1cn[nH]c1
-9.283334,-14.616946,Client B,Nc1[nH]ccc1CC=O
7.689441,-4.507684,Client B,Oc1ccc(O)nn1
-13.728668,-9.399652,Client B,O=CCn1cc(O)cn1
-12.487105,26.500135,Client B,Nc1ccc([N+](=O)[O-])o1
-3.1639001,13.364441,Client B,O=c1cc(F)[nH]c(=O)[nH]1
5.936775,-0.78162944,Client B,OCc1cnc(O)nn1
-11.387196,26.74281,Client B,O=c1onc([N+](=O)[O-])o1
-0.10259306,-26.224907,Client B,C#Cc1onc(C)c1N
1.6425598,14.008267,Client B,O=c1oc(F)ccc1F
0.7503944,0.11287008,Client B,Cc1cnc(F)c(F)n1
-10.305566,11.718425,Client B,Nc1cc[nH]c(=O)c1N
0.6566239,11.13855,Client B,Cc1ccc(=O)oc1
-10.505638,-0.17582354,Client B,Nc1noc(N)c1C=O
-19.419333,-26.596968,Client B,CCc1ccc(C#N)[nH]1
-0.3666416,-29.154243,Client B,C#Cc1conc1C#N
10.565455,18.009241,Client B,Cc1c(F)cnoc1=N
11.388983,-25.893274,Client B,C#CC#Cc1ccoc1
14.86894,-12.611156,Client B,Cc1c[nH]cc1OC=N
-1.1243153,20.783537,Client B,Cc1coc(=O)oc1=N
1.021704,7.5387526,Client B,Cc1coc(=O)c(O)n1
-13.489763,12.771281,Client B,CNc1ccc[nH]c1=O
-5.7035,4.3642125,Client B,CC(=O)c1cn[nH]c1C
-4.595513,-20.648216,Client B,C#Cc1cc(O)c(O)[nH]1
12.201482,-18.33328,Client B,CN=C(N)c1cocn1
0.028428618,9.9077,Client B,Cc1coc(N=CN)c1
17.121792,-25.906742,Client B,Cc1ccoc1CC=O
3.417936,-26.481352,Client B,C#Cc1coc(=NC)o1
10.801532,-32.10039,Client B,CNc1occc1C#N
-3.2987998,-37.588512,Client B,N#CC(O)c1cnc[nH]1
-0.0026533771,-36.50396,Client B,C#CC(O)c1cc[nH]c1
8.215042,-25.988092,Client B,C#Cc1ccoc1C#C
10.04612,-18.311539,Client B,O=CNc1cocn1
9.938547,8.654796,Client B,Nc1ccc(=O)on1
10.561677,-1.6670246,Client B,N=c1nccnc(N)n1
-4.582578,27.936918,Client B,NC(=O)n1ccnn1
2.262124,3.0184004,Client B,Cc1cc(N)nc(C)n1
10.304923,-14.2313,Client B,O=CC#Cc1cc[nH]n1
-9.720961,1.1125245,Client B,CN=c1onc(C=O)o1
10.48515,-7.6749625,Client B,c1cocn1
-3.791617,3.948258,Client B,CC(=O)c1c[nH]nn1
-0.19865139,-22.43192,Client B,C#Cc1c[nH]c(NC)n1
-5.6546807,9.946185,Client B,O=c1cc(F)cn[nH]1
3.6609387,-35.790176,Client B,O=CCCc1cnoc1
-12.387715,-7.4668126,Client B,O=Cn1ccc(O)c1
9.924256,-24.225836,Client B,O=Cc1coccc1=O
-12.537094,-5.4382753,Client B,O=Cn1ncc(=O)cn1
0.09481135,14.632519,Client B,N=c1[nH]c(=O)cc(F)o1
-9.526188,6.686639,Client B,Cc1cnc(=O)[nH]n1
-8.769807,2.9403613,Client B,N#Cc1nc(=O)cno1
35.890156,6.9627566,Client B,c1ncc2ccoc2n1
17.215689,-27.473225,Client B,O=CCNc1ccco1
11.346936,7.651415,Client B,Nc1ccoc(=O)n1
13.754926,-5.5209856,Client B,Cc1ccnccc1=O
-2.927447,-31.044441,Client B,N#Cc1concc1=O
11.84963,3.1400747,Client B,Nc1cc(F)ccn1
-22.245928,-32.496815,Client B,COc1oncc1C#N
-3.0730462,-37.524685,Client B,C#CC(O)c1cnc[nH]1
-0.8610088,-17.33913,Client B,C#Cc1ncc[nH]1
-11.860336,13.176868,Client B,Cc1cc[nH]c(=O)c1F
6.239461,15.263686,Client B,Cc1cc(C(N)=O)no1
-0.91958326,-15.00293,Client B,N#CCOc1ncc[nH]1
-4.4359655,-16.454023,Client B,Oc1c[nH]c(O)c1O
-5.2058587,-2.0842738,Client B,Cn1cncc1NC=O
-11.4009495,9.165786,Client B,CCc1ccc(=O)[nH]c1
4.6187096,8.35957,Client B,Nc1cocc(O)c1=O
13.730989,-2.1815991,Client B,Nc1cccc(N)c1F
7.196399,5.9535127,Client B,Nc1oc(=O)ncc1F
-3.4674022,-24.637032,Client B,C#Cc1nn[nH]c1C
6.3294325,-24.816544,Client B,C#Cc1cccc(N)c1
-16.093987,-22.006762,Client B,N#Cc1ccnc(N)n1
6.2984266,-20.97624,Client B,C#CCCn1cccc1
5.1435604,-14.180728,Client B,CN(C=O)c1ncon1
-12.858523,13.073349,Client B,Cc1ccc[nH]c1=O
-6.4613733,-7.685826,Client B,Cc1cc(C=O)[nH]c1C
15.554532,-3.756658,Client B,Nc1cnccc1CO
1.2872945,-0.69468504,Client B,Cc1cnc(O)c(C)n1
4.909836,-21.508392,Client B,C#CCn1cnc(N)c1
-4.007559,11.590592,Client B,O=c1cc(F)c(F)c[nH]1
5.5732274,-6.3861914,Client B,CCc1cncnc1O
-12.972099,-18.74648,Client B,N#CCc1nccnn1
10.839712,-6.3606195,Client B,N=c1cccncn1
-2.9042313,-11.9167385,Client B,COc1nc[nH]c1C=O
-8.27816,13.928398,Client B,Cc1ccc(N)[nH]c1=O
38.21396,7.230061,Client B,c1cc2ncoc2o1
-0.50206643,-2.598041,Client B,CCc1cc(C)ncn1
-10.1747265,-9.2788,Client B,Cc1cn(C)nc1C=O
-13.497677,-12.62783,Client B,CCn1nccc1C#N
5.803483,-13.770121,Client B,O=CNc1ncon1
-0.8924914,-28.00929,Client B,C#Cc1nocc1CO
-4.216302,-11.901532,Client B,COc1c[nH]nc1C=O
-11.816033,-1.0959101,Client B,Nc1n[nH]c(C=O)n1
8.114694,3.510579,Client B,Nc1ncnc(N)c1F
8.435205,-2.7296734,Client B,N=c1cccc(O)cn1
-11.252168,-31.91796,Client B,N#Cc1cc(CO)on1
-15.368834,-15.9298115,Client B,N#CCn1ncoc1=O
10.885066,1.0518194,Client B,Cc1ccnc(C)c1F
-2.524292,-3.7864916,Client B,Cc1cnc(C=O)nn1
2.3891122,-19.500717,Client B,C#CCc1n[nH]c(N)n1
-17.910284,-28.383692,Client B,Cc1cc(N)c(C#N)[nH]1
-12.517314,16.327654,Client B,CN=c1[nH]ccc(=O)o1
12.733102,-23.022936,Client B,Cc1cocc1CO
-0.50462794,10.538132,Client B,CC#Cc1cc(C)co1
0.33598965,-29.037699,Client B,C#Cc1conc1O
-13.540893,-24.342216,Client B,N#CC#Cc1nn[nH]n1
6.140134,1.3112476,Client B,Fc1cnc(F)cn1
-24.154852,-29.964827,Client B,CNc1cc(C#N)c[nH]1
3.6958408,-5.509498,Client B,Cc1cnccnc1=N
-10.328444,12.45121,Client B,Cc1[nH]ccc(=O)c1N
5.3200607,10.8745575,Client B,Cc1cc(N)oc(=O)n1
-0.6274206,-33.25146,Client B,C#CC(N)c1ccon1
-3.7276921,6.896366,Client B,CC(=O)c1cc(N)n[nH]1
-16.553915,-27.260695,Client B,Cc1n[nH]c(C#N)c1C
-19.416553,-27.86719,Client B,Cc1c[nH]c(C#N)c1C
2.1631596,-36.035885,Client B,OCC#Cc1cnoc1
-14.102767,8.179242,Client B,CN(C=O)c1cc[nH]c1
-13.592874,-9.9738455,Client B,CCn1cc(C=O)cn1
17.694302,4.5596037,Client B,c1cn2ccoc2n1
2.1653183,1.8044007,Client B,Nc1nc(O)cc(O)n1
10.852174,17.998392,Client B,N=c1oncc(F)c1F
7.51107,13.914399,Client B,Cc1nonc(F)c1=O
3.874235,8.138298,Client B,Nc1cc(O)coc1=O
15.428551,-7.422824,Client B,CN(C)c1ccccn1
-11.923287,12.442732,Client B,Cc1c(O)cc[nH]c1=O
-18.453558,-3.9036915,Client B,Oc1ccc2n1C=CC2
19.635084,12.604903,Client B,O=C1C=Cc2occc21
3.8226056,5.9595084,Client B,NC=Nc1nc(O)co1
-1.0216583,-27.51807,Client B,C#Cc1nocc1C
9.09004,17.893736,Client B,Cc1cc(F)c(=N)on1
-4.6603065,15.167701,Client B,Cc1nc(F)cc(=O)[nH]1
11.773072,16.366194,Client B,N=c1oncnc1F
7.8780828,-8.274281,Client B,ON=c1ccnncc1
-6.3356676,-0.72761184,Client B,Cc1cc(NC=O)[nH]n1
3.6088638,0.68194765,Client B,Nc1cncc(O)n1
-14.002102,20.60586,Client B,c1cnc2c(n1)CCO2
-14.237603,-4.118137,Client B,Nc1cc(O)nn1C=O
0.9170782,6.921577,Client B,Cc1coc(=O)c(C)n1
-19.619417,-20.773655,Client B,Cn1c(N)ccc1C#N
-1.7457595,-5.86569,Client B,O=Cc1cnncn1
-0.75935626,-11.349601,Client B,O=c1cc(O)nc[nH]1
11.888966,9.771077,Client B,Nc1cc(=O)ocn1
-2.6237934,3.1604111,Client B,CC(=O)c1nonc1O
-4.840315,-10.832422,Client B,Cc1n[nH]cc1C=O
4.8068285,-13.682047,Client B,O=COc1ncon1
9.751995,-9.238951,Client B,CC#CCn1cnnc1
8.840443,-17.66655,Client B,O=CCOc1cocn1
10.425681,-14.061552,Client B,OCC#Cc1cc[nH]n1
15.048828,-0.89638704,Client B,CCc1ccccc1O
-21.884968,-27.289034,Client B,N#Cc1c(O)c[nH]c1O
-7.5146747,-13.261811,Client B,O=CCc1cc(O)[nH]n1
1.3708493,8.143831,Client B,O=c1occ(F)nc1O
-9.859729,21.682865,Client B,CC(=O)c1ccn(C)c1
-9.212727,-2.473227,Client B,Nc1cc(C=O)c[nH]1
-2.7846398,0.11094683,Client B,NC(=O)c1cnc(N)o1
-15.472083,-34.876854,Client B,CC#CCc1c[nH]cn1
-1.5872258,-16.209835,Client B,N#CC(N)c1ncc[nH]1
3.2938268,23.058228,Client B,N#Cc1ncc(=O)on1
7.506906,-9.013089,Client B,ON=c1cc[nH]c(O)c1
-11.266092,6.0873637,Client B,Cc1n[nH]c(=O)n1C=O
-13.255736,9.774548,Client B,O=c1[nH]cc[nH]1
10.310894,-0.59170383,Client B,Nc1nccc(F)n1
-4.6894035,15.275581,Client B,Cc1cc(F)nc(=O)[nH]1
7.387605,4.4778595,Client B,Nc1ncc(=O)[nH]c1F
-15.3369875,5.814625,Client B,O=C(CO)c1cn[nH]n1
-5.697292,-31.798065,Client B,N#Cc1noccc1=N
-3.1895945,-0.49019808,Client B,Nc1ncc(NC=O)o1
-20.242508,-29.50732,Client B,N#CCc1[nH]ccc1O
11.417212,-25.655994,Client B,CC#Cc1ccoc1
2.628104,11.431613,Client B,Cc1ccc(F)c(C)c1
-6.070745,-32.753426,Client B,N#CCOc1ccon1
-0.31208792,-2.5227656,Client B,Cc1cc(C)ncn1
-10.685973,-0.20880048,Client B,Nc1nc(C=O)no1
1.8043735,-10.845626,Client B,O=CCOc1cnc[nH]1
3.947334,14.142381,Client B,O=c1onncc1F
-2.3174622,14.419551,Client B,Nc1cc(=O)nc(F)[nH]1
9.432659,-16.03813,Client B,O=CC#Cc1cocn1
-9.760391,21.633247,Client B,Cn1ccc(=O)c(O)c1
-11.035885,-27.751974,Client B,Cc1ncoc1C#N
10.539665,-6.896306,Client B,c1cncnc1
-45.45344,7.509674,Client B,C#CC1Cc2cccn21
-6.338182,-22.485878,Client B,C#Cc1cc(=O)cn[nH]1
18.864624,-8.253644,Client B,c1ccn2nccc2c1
-2.355655,1.0161781,Client B,CC(=O)c1ncc(N)o1
8.78428,-17.704832,Client B,O=COCc1cocn1
-10.205576,10.963125,Client B,NC(=O)c1[nH]ccc1N
15.31998,-7.9312983,Client B,C#Cc1ccccn1
-12.453084,2.2140787,Client B,Nc1oc(O)nc1O
9.0167,16.981354,Client B,N=c1onc(F)oc1=N
5.693878,-31.320877,Client B,C#Cc1ncc(NC)o1
-9.694597,-2.5262828,Client B,Nc1ccc(C=O)[nH]1
13.55752,-28.349625,Client B,C#CC#Cc1ccco1
-17.34971,-28.320389,Client B,Cc1nc(N)c(C#N)[nH]1
-3.4874706,8.83238,Client B,Nc1cc(F)c(=O)[nH]n1
18.015675,-16.62372,Client B,N#Cc1cncc(=N)o1
-3.73764,11.11275,Client B,O=c1[nH]cc(O)cc1F
2.3678927,-1.0426556,Client B,Cc1nc(N)ncc1O
4.0668635,-8.022676,Client B,COc1cnco1
-1.9194307,-8.015869,Client B,Cc1cnc(CC=O)o1
2.6035936,-18.830473,Client B,C#CCc1ncn[nH]1
-16.180176,10.308138,Client B,O=C1CCc2nc[nH]c21
-14.906307,0.55422837,Client B,O=Cc1[nH]c(=O)oc1O
7.6608787,1.7932125,Client B,COc1ncc(N)cn1
-7.363363,-2.4875095,Client B,Nc1nc(NC=O)c[nH]1
-0.189333,-19.507801,Client B,C#Cc1[nH]ccc1C=O
-12.720177,-4.2534647,Client B,Cc1nn(C=O)nc1O
7.2784367,0.29406857,Client B,COc1ccc(F)cn1
9.793574,27.549767,Client B,C1=Cc2ocnc2OC1
0.5644985,-6.999531,Client B,Oc1ncnnn1
-14.237915,-24.606016,Client B,N#Cc1n[nH]nc1C#N
16.573997,6.9712996,Client B,O=CC(O)c1ncco1
-4.4977927,-20.639046,Client B,C#Cc1[nH]c(O)cc1O
-8.240585,13.789967,Client B,Nc1ccc(N)c(=O)[nH]1
-5.530837,-25.619713,Client B,C#Cc1c(C)nnn1C
-14.305426,-5.936322,Client B,CN=c1ocnn1C=O
-6.995912,-37.983635,Client B,N#CCNc1c[nH]nn1
-9.856235,-19.518137,Client B,CC#Cc1[nH]ccc1N
13.985572,-5.5746956,Client B,CC(C)c1ccncc1
12.018116,-23.421415,Client B,OCc1ccoc1
-16.081491,1.3394686,Client B,Cc1[nH]c(=O)oc1CO
-10.4787855,-5.336319,Client B,Nc1ccn(C=O)n1
2.110288,6.923435,Client B,Cc1nc(O)coc1=O
1.2607049,-0.37532094,Client B,Cc1cnc(N)c(C)n1
19.65539,-12.205836,Client B,N#Cc1ccncc1N
10.53158,-26.351686,Client B,C#CC(C)c1ccoc1
3.8266976,0.8751296,Client B,Oc1cncc(F)n1
12.451694,3.2528195,Client B,Nc1cc(CO)ccn1
-13.721532,-28.652555,Client B,Cc1onc(O)c1C#N
14.713216,-11.595466,Client B,N=COc1c[nH]cn1
16.693663,-26.90436,Client B,O=CCc1ccco1
17.560873,13.475148,Client B,O=c1[nH]c2occc2o1
-3.576479,-11.8981,Client B,COc1n[nH]nc1C=O
16.316816,-27.009645,Client B,CCc1ccco1
-2.0151606,-22.739258,Client B,C#Cc1c[nH]c(C)c1O
14.220151,11.472021,Client B,N=c1cnc(=O)cco1
-8.61313,-19.746906,Client B,CC#Cc1cc(N)[nH]n1
-18.44517,-32.416134,Client B,N#CCc1c[nH]cc1N
5.3492146,-0.16963054,Client B,Oc1ncc(F)cn1
3.3064125,17.311867,Client B,O=C1C=Cc2cnoc21
-13.555455,-28.348158,Client B,Cc1onc(C#N)c1N
12.101934,-7.2633095,Client B,c1cnc2cncn2c1
12.883307,10.322235,Client B,N=c1ncoc(=O)cn1
15.590705,7.0276647,Client B,O=c1cncco1
5.1176944,2.2496498,Client B,Fc1cc(F)cc(F)c1
-5.692722,-27.163649,Client B,C#Cc1cnn(C)n1
-4.5199113,-8.0808115,Client B,Cc1cc(C=O)c(N)o1
-16.77447,-19.293594,Client B,CCn1cc(C#N)nn1
13.697771,10.200416,Client B,N=c1cnc(=N)ocn1
13.198816,-30.905523,Client B,N#CC(=O)c1ccco1
-0.20309895,21.702532,Client B,O=c1occ(CO)o1
-0.30717707,6.0574255,Client B,Cc1coc(C=O)n1
-13.589692,-0.5555987,Client B,Nc1[nH]c(O)nc1C=O
-13.360555,-22.54991,Client B,N#Cc1cc(C#N)[nH]n1
10.253689,-3.9485612,Client B,NCc1nccc(O)n1
3.7720842,-4.8065033,Client B,Cc1cncc(C)c1C
-8.851899,2.8386352,Client B,O=Cc1nc(=O)cno1
13.519222,11.123571,Client B,N=c1cnc(=O)nco1
5.513276,3.9775686,Client B,CN=c1cnocc1F
-18.610678,-22.588295,Client B,Cc1cnn(C)c1C#N
-5.5556507,7.026465,Client B,CC(=O)c1coc(=O)[nH]1
16.850885,-0.9005313,Client B,COCc1ccccc1
12.885275,-31.09135,Client B,N#Cc1cccoc1=O
-2.5859342,-20.838518,Client B,C#Cc1nc(O)c(N)[nH]1
-19.123768,-24.70112,Client B,Cc1cccc(C#N)c1
-7.5101733,-12.352368,Client B,O=CCc1n[nH]c(=O)[nH]1
3.7623653,-3.7486615,Client B,Cc1cncc(N)c1O
10.413222,0.94400775,Client B,Cc1nccnc1F
2.032379,1.9559337,Client B,Cc1cc(O)nc(N)n1
-18.467892,-32.39049,Client B,Cc1c[nH]cc1CC#N
-9.929531,-9.222109,Client B,Cn1cc(C=O)c(N)n1
17.89289,-5.3617487,Client B,Nc1ccncc(=O)c1
10.251336,-18.588701,Client B,N=CNc1cocn1
-22.668484,-31.672958,Client B,COc1c[nH]cc1C#N
19.944046,-8.142783,Client B,c1cc2cnnn2cn1
17.029379,13.245902,Client B,N=c1[nH]c(=O)cco1
-14.954397,-35.269897,Client B,C#CCCc1c[nH]cn1
-12.258197,-16.58909,Client B,Cc1coc(CC#N)n1
4.146187,-27.868422,Client B,C#Cc1cc(C=O)no1
-5.0490904,13.047831,Client B,Cc1[nH]c(=O)ccc1F
-9.805592,-28.045523,Client B,C#CCc1ocnc1C
-5.680385,5.554205,Client B,CC(=O)c1ccn[nH]1
-2.884192,-3.670587,Client B,O=Cc1ncc(=O)[nH]n1
0.6291308,-36.0263,Client B,C#CC(O)c1cnoc1
15.017505,-13.18516,Client B,N=COc1cc[nH]c1O
6.860748,-6.3196654,Client B,O=c1cncncn1
9.329524,-25.14886,Client B,C#Cc1coccc1=O
-11.455575,-10.948422,Client B,Cc1ccc(C=O)n1C
-1.5503201,21.645187,Client B,CC(O)c1coc(=O)o1
-5.8856525,-8.711521,Client B,Cc1cc(C=O)c(O)[nH]1
1.7368648,-9.967144,Client B,O=CC(=O)c1cnc[nH]1
-13.612134,11.436249,Client B,CNc1cc[nH]c(=O)c1
-1.8219036,-18.91594,Client B,C#Cc1nc[nH]c1C#C
-6.5852685,0.7703729,Client B,NC(=O)Nc1ccn[nH]1
4.8816023,-6.032122,Client B,Cc1cncnc1CO
-8.332935,8.093028,Client B,Cn1c(=O)cn[nH]c1=O
62.01082,1.1267976,Client B,C1=Cc2[nH]ccc2C1
15.120772,-10.770431,Client B,N=COc1ccccn1
15.1382885,1.6729342,Client B,CCc1ccnc(O)c1
-13.259999,10.109034,Client B,N=c1[nH]cc[nH]c1=O
5.2742534,10.972962,Client B,Cc1cc(N)oc(=O)c1
-4.3456407,28.775288,Client B,NC(=O)n1cc(N)cn1
1.5168225,-28.622883,Client B,C#Cc1ocnc1O
9.268521,0.9473259,Client B,Fc1nccnn1
-1.96812,18.030828,Client B,Cc1coc(=O)c(=N)[nH]1
2.9928648,6.1625805,Client B,O=COc1nc(O)co1
-15.441539,-34.86576,Client B,N#CCc1c[nH]cn1
-13.266635,-12.184181,Client B,CCn1nccc1C=O
7.3805065,3.2076535,Client B,Nc1cnc(N)c(F)c1
1.9214355,22.367067,Client B,O=c1cnc(CO)co1
-0.005607697,-7.266857,Client B,O=CCc1ncnnn1
0.6485259,11.085359,Client B,Cc1coc(=O)c(F)c1
-2.8396425,3.2624633,Client B,CC(=O)c1cnon1
16.687492,-22.031258,Client B,OCCc1occc1O
12.559154,-3.2440512,Client B,Nc1ccc(O)c(O)c1
10.74408,-21.87912,Client B,N=CNc1ccoc1
-0.96857786,-21.711939,Client B,C#Cc1nc(CC)c[nH]1
5.2023406,16.520191,Client B,Cc1oncc1C(N)=O
3.7381983,-2.285461,Client B,Cc1ncc(O)cc1N
2.0731075,-14.2270155,Client B,C#CCOc1cn[nH]c1
-4.678211,27.492786,Client B,Cc1nccn1C(N)=O
7.9902344,19.586788,Client B,Cc1noc(O)cc1=N
-8.968916,-5.3756385,Client B,CC(=O)Cn1cccn1
11.239991,-31.949915,Client B,N#Cc1ccoc1CN
-12.513098,16.33179,Client B,CN=c1cc[nH]c(=O)o1
8.452151,-4.4881063,Client B,COc1cccc(O)n1
2.6061354,11.419379,Client B,Cc1ccc(C)c(F)c1
-1.0795757,-21.93993,Client B,C#Cc1nc(C)c[nH]1
-7.966876,-15.112612,Client B,Nc1nocc1CC=O
10.50526,2.580395,Client B,Nc1c(F)ccnc1F
16.195005,-4.7135396,Client B,CCc1ccncc1F
0.13425295,-34.166306,Client B,C#CC(O)c1cocn1
7.354604,-25.752068,Client B,C#Cc1ccoc(=O)c1
-9.19499,-10.164229,Client B,Cn1ncc(C=O)c1O
-17.22181,21.920633,Client B,O=C1Cn2nccc2O1
2.0534117,15.945073,Client B,O=c1cnoc(F)c1
7.9999466,-1.7425305,Client B,Nc1ccc(O)cn1
4.1469097,-27.611704,Client B,C#Cc1ccc(C=O)o1
4.3046875,2.9785416,Client B,Nc1cc(F)nc(F)n1
-5.8141174,15.793004,Client B,Cc1nc(N)nc(=O)[nH]1
13.990143,-2.42119,Client B,Nc1ccccc1N
-7.999363,20.237934,Client B,Cn1cnc(=O)cc1O
-12.876083,-21.45016,Client B,N#Cc1cc(=O)[nH]cn1
-4.696226,-5.1626925,Client B,CNc1ncc(C=O)[nH]1
-5.797688,-37.93066,Client B,N#CC(O)c1c[nH]nn1
-7.4869,-18.724598,Client B,CC#Cc1cn[nH]c1C
3.4597793,-35.790432,Client B,C#CCCc1cnoc1
-19.451641,-27.86766,Client B,Cc1cc[nH]c1C#N
12.399136,12.731199,Client B,O=C1NCc2ncoc21
6.2315674,-2.8265846,Client B,COc1cncnc1F
0.8123172,-23.98709,Client B,C#Cc1nc(C)co1
-7.764473,5.935595,Client B,CCc1ccn[nH]c1=O
-18.256302,-21.087269,Client B,Cn1nc(C#N)cc1N
-10.152471,-23.268518,Client B,CC(C#N)c1ncn[nH]1
-7.457958,-18.674923,Client B,CC#Cc1c[nH]nc1C
7.3810744,9.072748,Client B,Nc1cc(=O)c(O)no1
-17.491903,-23.796644,Client B,Cc1ccc(C#N)nc1
-7.7860456,-14.987087,Client B,O=CCc1conc1O
-0.47054046,-14.385985,Client B,O=COc1ncc[nH]1
2.8600998,22.85202,Client B,O=c1cnc(CO)no1
4.090092,-0.34069976,Client B,Nc1cnc(O)c(F)n1
15.881428,1.0947486,Client B,CCc1cccc(O)c1
11.468281,18.312016,Client B,N=c1cnoc(F)c1F
14.847368,-2.9076924,Client B,Nc1ccccc1CO
-11.26952,-27.365698,Client B,Cc1ocnc1C#N
-12.877211,-25.941507,Client B,N#Cc1nonc1C=O
2.9426196,7.1041675,Client B,Nc1nc(O)coc1=O
-11.247494,-31.905636,Client B,N#Cc1oncc1CO
-8.735009,18.14511,Client B,Cn1ccc(=O)cc1N
1.2219132,17.386723,Client B,CCc1cc(C=O)on1
-7.3097425,-7.9895124,Client B,Cc1[nH]cc(O)c1C=O
-5.6431932,-31.775322,Client B,N#Cc1noccc1=O
-5.809864,-26.014261,Client B,C#Cc1cnn(C)c1O
-3.5972245,-24.179192,Client B,C#Cc1[nH]nnc1N
5.3376145,-9.903578,Client B,O=Cc1ccccc1F
-13.05078,7.8135777,Client B,CC(=O)Oc1cc[nH]c1
19.573662,-24.340685,Client B,CNc1ccoc1C=O
-3.9455621,-5.5252137,Client B,CNc1ncc(C=O)o1
0.09095124,4.246284,Client B,COc1coc(C)c1
-2.1593914,21.910967,Client B,CC(O)c1c[nH]c(=O)o1
-3.0796678,6.659583,Client B,NC(=O)c1cc(O)n[nH]1
1.9184163,-9.80182,Client B,Oc1cnc[nH]1
-13.387107,13.461286,Client B,COc1ccc[nH]c1=O
1.147731,14.569098,Client B,O=c1cc(F)oc(F)c1
6.075442,0.84265614,Client B,OCc1cnc(F)cn1
8.157825,-1.3822144,Client B,CCc1ccc(N)nc1
9.797752,27.548674,Client B,C1=Cc2ncoc2OC1
16.108606,1.109793,Client B,CCc1cccc(F)c1
-11.227135,-10.721082,Client B,Cc1ccn(C)c1C=O
10.147438,-4.0404267,Client B,O=Cc1nccc(O)n1
9.068337,-15.434097,Client B,O=CC#Cc1cnco1
-7.501313,-13.944014,Client B,O=CCc1c[nH]nc1O
-14.519012,8.029464,Client B,O=CNCc1cc[nH]c1
5.6373034,-12.267501,Client B,FC(F)(F)c1ncon1
-11.637456,-7.6970057,Client B,Cc1cn(C=O)cc1N
-0.38109592,-12.970513,Client B,O=COc1[nH]cnc1O
12.837579,16.424994,Client B,N=c1cncno1
12.402898,-24.005268,Client B,Cc1coccc1=NO
-13.0865,-17.022493,Client B,N#CCc1ncc(N)o1
-49.13981,-4.9091444,Client B,N#CC1Cc2nccn21
1.8490968,-25.733547,Client B,C#Cc1oc(C)cc1C
-5.085992,2.7592134,Client B,Cc1[nH]cnc1C(N)=O
1.6046696,-4.19704,Client B,CNc1cnc(O)nc1
11.394563,11.564977,Client B,O=c1ncoc(F)n1
-5.172122,-4.2847567,Client B,O=CNc1ncc(O)[nH]1
3.378354,-2.0327504,Client B,Cc1cnc(O)c(N)c1
26.514791,18.10824,Client B,CC1=CCc2ccoc21
26.47611,18.101744,Client B,CC1=CCc2occc21
-6.0189657,-22.60819,Client B,C#Cc1cc(C)n[nH]1
11.618683,5.8827043,Client B,Nc1cccnc(=O)n1
-16.59777,-27.3786,Client B,Cc1n[nH]c(C#N)c1N
-0.6621931,-16.383217,Client B,Oc1ncc[nH]1
3.4457576,-2.919366,Client B,Cc1cc(O)ncc1N
-7.781324,21.280445,Client B,Cn1cnc(=O)c(N)c1
-7.249974,-7.943411,Client B,Cc1c[nH]c(C)c1C=O
6.161142,-2.8961632,Client B,CNc1cncnc1F
-3.9670358,-23.128038,Client B,C#Cc1[nH]c(=O)oc1N
-18.243942,-21.934355,Client B,Cn1cnc(N)c1C#N
1.8862548,-25.584251,Client B,C#Cc1cc(C)oc1N
-5.667572,-1.3211888,Client B,Cc1[nH]ncc1NC=O
-14.377033,-4.2812624,Client B,Nc1c(O)cnn1C=O
9.233716,7.998095,Client B,Cn1nc(N)ccc1=O
6.689669,14.87233,Client B,Cc1cc(=O)c(F)no1
5.0237126,16.621548,Client B,Cc1oncc(=O)c1N
12.102206,0.61342853,Client B,Cc1cccnc1F
0.5514317,-1.7621918,Client B,Cc1cc(O)c(F)cn1
-14.383123,2.6974645,Client B,CNc1oc(=O)oc1O
8.333337,11.020744,Client B,Nc1noc(F)nc1=O
-5.025636,2.8777702,Client B,CC(=O)c1nc[nH]c1C
9.951525,-32.375614,Client B,CNc1ccc(C#N)o1
-13.927164,-0.35475734,Client B,O=Cc1[nH]c(O)nc1O
-3.600188,-9.767879,Client B,Cc1cc(OC=O)n[nH]1
5.042557,-21.496204,Client B,C#CCn1ccc(C)c1
-5.671234,7.6842527,Client B,CCOc1coc(=O)[nH]1
-2.1729586,-25.774094,Client B,C#Cc1n[nH]cc1C
-9.920973,-5.457805,Client B,O=Cn1cccn1
-2.9889169,-18.018734,Client B,CC#Cc1nc[nH]c1O
12.498213,0.5611772,Client B,Cc1cccnc1N
-13.022545,-21.67609,Client B,N#Cc1cc(=O)[nH]nn1
19.577784,-24.324953,Client B,COc1ccoc1C=O
-8.53096,6.494751,Client B,O=c1nccn[nH]1
-15.185857,-23.695711,Client B,N#Cc1nccnc1N
6.139552,-13.756004,Client B,CC(=O)Nc1ncon1
-15.311472,-16.1756,Client B,N#CCn1ncc(N)n1
-10.319223,-26.199657,Client B,CC#Cc1ncoc1N
10.676251,11.832362,Client B,Cc1c(F)ncoc1=O
16.38289,-2.088357,Client B,CC(O)c1ccccc1
-4.3945513,-12.6966715,Client B,COc1conc1C=O
-7.580854,-38.002876,Client B,N#CCNc1ccno1
-16.229574,-21.963741,Client B,N#Cc1cc(N)ccn1
-23.966272,-30.1997,Client B,COc1cc(C#N)c[nH]1
0.22100234,5.9741516,Client B,Cc1coc(C)n1
15.47795,7.147637,Client B,CCc1nccoc1=O
6.3044286,1.9326212,Client B,N#Cc1ccc(F)nc1
10.581846,-23.703293,Client B,O=CC(=O)c1ccoc1
-11.689146,-28.705845,Client B,Cc1oc(=O)oc1C#N
19.089622,-8.243647,Client B,c1cn2nccc2cn1
-2.4093437,14.087903,Client B,Nc1cc(=O)cc(F)[nH]1
-4.202441,29.250122,Client B,NC(=O)n1ncc(O)n1
10.651854,-2.300937,Client B,N=c1ncccc(O)n1
5.228655,-17.797644,Client B,C#CCNc1ncno1
12.401077,-0.33940947,Client B,Cc1ncccc1O
-21.410336,9.341968,Client B,N=c1[nH]c(=O)[nH]c(=O)[nH]1
-0.06513502,-33.820587,Client B,C#CC(N)c1cocn1
-8.967541,15.434883,Client B,Cc1c[nH]cc(N)c1=O
1.393128,-4.955547,Client B,CNc1cnc(O)cn1
4.724906,-4.2843714,Client B,Oc1cncc(O)c1O
-1.7570009,-24.008621,Client B,C#Cc1[nH]cc(C)c1N
-24.292627,-29.831087,Client B,C#Cc1cc(C#N)c[nH]1
-6.479607,0.099529795,Client B,O=CNc1ccn[nH]1
6.088834,-5.216648,Client B,N=c1cncnc(O)c1
-21.761965,-27.324259,Client B,Cc1c[nH]c(O)c1C#N
9.416081,5.18845,Client B,Nc1cnc(=O)ncn1
0.46363547,-29.532385,Client B,C#Cc1conc1C=O
19.653608,-12.2136345,Client B,N#Cc1cnccc1N
-9.881472,6.9342394,Client B,Cc1ccc(=O)[nH]n1
-8.083073,20.828432,Client B,Cn1ccc(=O)nc1
2.711136,5.467057,Client B,N#Cc1nc(O)co1
8.419761,16.208103,Client B,N=c1onc(F)c(=O)o1
13.648761,-28.386866,Client B,OCC#Cc1ccco1
-12.715713,2.480849,Client B,O=c1nc(O)oc(O)n1
-5.657627,-27.52002,Client B,C#Cc1cn(C)c(N)n1
10.101624,2.3944833,Client B,Oc1nccc(F)c1F
-7.8871336,11.341082,Client B,Nc1c(F)nc[nH]c1=O
35.450768,18.023327,Client C,c1cnc2cc3c(cc2c1)Cc1ccoc13
57.186985,11.170996,Client C,c1ccc2c(c1)sc1c2ncc2ccCc21
34.012882,-6.49859,Client C,c1ccc2c(c1)sc1cccnc12
59.238586,17.480991,Client C,c1cc2ccc3c4Cccc4Cc3c2s1
61.468105,17.039337,Client C,c1cc2[nH]c3c(ccc4c5Cccc5Cc43)c2[nH]1
39.80235,-18.52555,Client C,c1cc2cnc3cc4ccsc4cc3c2[nH]1
29.64939,-2.903304,Client C,c1cc2sc3ccsc3c2cn1
40.64943,22.953362,Client C,c1ccc2c(c1)Cc1c2nnc2ccoc21
38.89984,-11.142539,Client C,c1cc2sc3c(nnc4cc[nH]c43)c2cn1
41.130108,-13.57408,Client C,c1cc2oc3c(oc4ccsc43)c2[nH]1
52.87972,-12.546788,Client C,c1cnc2c(c1)Cc1c2oc2c3[nH]ccc3oc21
45.902084,22.040646,Client C,c1cc2Cc3c4sccc4sc3c2[nH]1
30.748878,-3.4282777,Client C,c1cc2cnc3c4sccc4sc3c2cn1
42.567142,6.875019,Client C,c1cc2oc3c(oc4c5occc5oc43)c2cn1
65.50516,7.4556913,Client C,c1cc2ccc3c4cnc5ccCc5c4oc3c2C1
28.193918,-0.3810204,Client C,c1cnc2c(c1)sc1cc3ccsc3cc12
73.70014,1.6756755,Client C,c1cc2oc3c([nH]c4c3[nH]c3ccCc34)c2nn1
61.59721,9.333537,Client C,c1ccc2c(c1)ccc1c2ccc2ccCc21
57.015408,17.454378,Client C,c1cc2nnc3c4Cccc4Cc3c2[nH]1
38.015602,-6.832689,Client C,c1cnc2c(c1)sc1c3nnccc3sc21
52.67975,-4.6791697,Client C,c1cc2[nH]c3c(Cc4c5cnccc5Cc34)c2cn1
65.396454,9.325932,Client C,c1cc2oc3c4cnc5ccCc5c4cnc3c2o1
40.05007,5.1830597,Client C,c1cnc2c(c1)cnc1c3occc3oc21
68.20821,9.5490265,Client C,c1cc2ccc3c(ncc4c3oc3ccCc34)c2o1
48.683216,-19.441618,Client C,c1cc2cc3ccc4cc[nH]c4c3cc2[nH]1
67.57146,13.155953,Client C,c1cc2oc3c4ccc5ccCc5c4Cc3c2o1
33.913303,17.084833,Client C,c1cnc2cc3c(cc2c1)Cc1ccccc13
61.67518,3.7149966,Client C,c1cc2[nH]c3c(ccc4c3ncc3ccCc34)c2[nH]1
22.42203,-2.8535695,Client C,c1ccc(-c2cc3c(s2)sc2sc(-c4ccccc4)cc23)cc1
63.744587,-18.868107,Client C,c1cc2Cc3c(ccc4c3nnc3ccCc34)c2[nH]1
26.418999,8.324114,Client C,c1ccc2c(c1)sc1c3sccc3Cc21
32.598793,-2.4175212,Client C,c1cc2oc3c(ncc4ccsc43)c2cn1
43.764793,-16.326044,Client C,c1cc2ncc3c(ccc4c5[nH]ccc5[nH]c34)c2[nH]1
47.76247,-16.841927,Client C,c1cc2ccc3c(oc4c5occc5oc34)c2[nH]1
38.161087,4.940626,Client C,c1cnc2c(c1)ccc1cc3ccoc3cc12
55.839733,22.855635,Client C,c1cc2ccc3c(Cc4c5Cccc5Cc34)c2o1
62.420124,10.642161,Client C,c1ccc2cc3c(cnc4ccCc43)cc2c1
58.248367,22.76944,Client C,c1cc2ncc3c(ccc4c5Cccc5Cc34)c2o1
55.66957,3.5084665,Client C,c1cc2cc3[nH]c4c(cnc5ccCc54)c3cc2C1
36.400547,12.663677,Client C,c1ccc2c(c1)Cc1c2ccc2ccoc21
36.253,2.7706401,Client C,c1cc2cnc3cc4ccoc4cc3c2nn1
65.546265,12.906946,Client C,c1cc2ccc3c4cnc5ccCc5c4Cc3c2C1
40.017727,14.425861,Client C,c1cc2Cc3c4occc4Cc3c2cn1
43.348076,-2.5702407,Client C,c1cc2cnc3c4[nH]c5ccoc5c4[nH]c3c2o1
53.735283,14.229421,Client C,c1cc2ccc3c([nH]c4c5Cccc5Cc34)c2cn1
57.00745,4.859751,Client C,c1cc2cc3nnc4c([nH]c5ccCc54)c3cc2C1
31.226408,0.85585386,Client C,c1cnc2c(c1)ccc1c2cnc2ccsc21
56.918816,-0.6117566,Client C,c1cc2ccc3c(ncc4ccCc43)c2cn1
44.203407,-21.587126,Client C,c1cc2cc3nnc4c5[nH]ccc5[nH]c4c3cc2[nH]1
43.111034,11.096454,Client C,c1cc2Cc3c4occc4oc3c2nn1
63.661278,10.727956,Client C,c1cc2cc3cnc4ccCc4c3cc2o1
31.114004,5.768805,Client C,c1cc2sc3c(oc4ccsc43)c2o1
37.43791,-12.550784,Client C,c1cc2[nH]c3c([nH]c4ccsc43)c2[nH]1
39.836807,1.5334402,Client C,c1cc2cnc3cccc4c5occc5c(c1)c2c34
48.909,-6.618707,Client C,c1cc2[nH]c3c4cnccc4[nH]c3c2cn1
69.29309,2.0746958,Client C,c1cc2[nH]c3c(oc4c3oc3ccCc34)c2cn1
75.63691,7.0136695,Client C,c1cc2Cc3c4oc5ccCc5c4Cc3c2nn1
42.403652,18.690702,Client C,c1cc2Cc3c(nnc4ccsc43)c2[nH]1
31.315544,-1.7099761,Client C,c1cc2ncc3ccsc3c2cn1
70.783676,-4.4075985,Client C,c1cc2sc3c([nH]c4ccCc43)c2cn1
21.928196,-2.3039334,Client C,c1ccc(-c2ccc(-c3ccc(-c4ccccc4)s3)s2)cc1
44.29358,-2.8562794,Client C,c1cc2nnc3c4[nH]c5ccoc5c4[nH]c3c2o1
27.971098,-3.3420532,Client C,c1ccc2cc3c(cc2c1)sc1ccncc13
65.06303,18.347942,Client C,c1cc2[nH]c3c(cnc4c5Cccc5Cc43)c2nn1
63.717346,-7.8959727,Client C,c1cc2cc3Cc4c5[nH]ccc5[nH]c4c3cc2cn1
50.148273,23.666721,Client C,c1cc2oc3c([nH]c4c3sc3ccCc34)c2o1
43.066956,-20.454344,Client C,c1ccc2c(c1)nnc1c2[nH]c2c3[nH]ccc3[nH]c12
37.634796,3.034627,Client C,c1cc2cnc3c(ncc4ccoc43)c2o1
55.57227,10.933835,Client C,c1cc2sc3c(nnc4ccCc43)c2o1
53.414276,8.207593,Client C,c1cc2nnc3c(ncc4c3[nH]c3ccCc34)c2o1
22.304407,-0.18738335,Client C,c1csc(-c2sc3c(-c4cccs4)c(-c4cccs4)sc3c2-c2cccs2)c1
54.20981,20.712767,Client C,c1cc2nnc3c(oc4c5Cccc5Cc34)c2o1
54.932148,25.700584,Client C,c1cc2Cc3c(Cc4c5Cccc5Cc43)c2s1
74.457886,-0.5835247,Client C,c1cc2cc3oc4c([nH]c5ccCc54)c3cc2nn1
60.086433,-14.518261,Client C,c1ccc2c(c1)Cc1c2ncc2c3[nH]ccc3Cc21
33.128124,-5.9041266,Client C,c1cnc2c(c1)oc1c3ccccc3sc21
59.73522,-8.657981,Client C,c1cc2nnc3c4oc5cc[nH]c5c4Cc3c2cn1
61.22412,24.645494,Client C,c1cnc2c(c1)oc1cc3c(cc12)Cc1ccCc13
52.124264,14.799045,Client C,c1ccc2cc3c(cc2c1)[nH]c1c2Cccc2Cc31
59.86753,-0.6499573,Client C,c1cc2ccc3c4ncc5ccCc5c4Cc3c2[nH]1
46.809917,-0.33278242,Client C,c1ccc2c(c1)oc1c2cnc2c1[nH]c1ccoc12
58.75013,15.291426,Client C,c1cc2cnc3c(cnc4c5Cccc5Cc34)c2C1
28.029314,-2.4540124,Client C,c1cc2sc3cc4ccsc4cc3c2cn1
65.4473,-5.652801,Client C,c1cnc2c(c1)ncc1c3[nH]c4ccCc4c3Cc12
71.26606,3.8936508,Client C,c1ccc2c(c1)ccc1c2[nH]c2c1oc1ccCc12
37.63421,-4.739444,Client C,c1cnc2c(c1)sc1c2ncc2cc[nH]c21
55.234226,-14.316283,Client C,c1cnc2c(c1)ccc1c3oc4cc[nH]c4c3Cc12
49.145252,-14.147948,Client C,c1ccc2c(c1)oc1c3[nH]c4cc[nH]c4c3oc21
45.459038,-15.375156,Client C,c1cnc2c(c1)oc1c2cnc2cc[nH]c21
58.886456,6.6067667,Client C,c1cc2nnc3ccCc3c2[nH]1
52.732533,6.416766,Client C,c1cc2[nH]c3c(cnc4c3ncc3ccCc34)c2o1
65.84765,13.845053,Client C,c1cc2Cc3c(ccc4ccCc43)c2s1
59.257805,8.805347,Client C,c1cnc2c(c1)nnc1c2cnc2ccCc21
65.83543,-2.9751484,Client C,c1cnc2c(c1)oc1c3[nH]c4ccCc4c3Cc21
49.94027,17.79991,Client C,c1cc2Cc3c4cnc5ccCc5c4cnc3c2o1
72.08859,3.5820856,Client C,c1cc2ccc3c([nH]c4c3oc3ccCc34)c2nn1
63.975224,-7.6043863,Client C,c1cc2cc3Cc4c([nH]c5ccCc54)c3cc2cn1
42.25966,4.5871835,Client C,c1cnc2cc3c(cc2c1)oc1ccoc13
34.122932,17.566334,Client C,c1cnc2cc3c(cc2c1)Cc1cccnc13
67.17148,8.35285,Client C,c1cc2oc3c(cnc4ccCc43)c2C1
73.16188,-3.2364688,Client C,c1cc2oc3c([nH]c4ccCc43)c2s1
40.397415,23.97133,Client C,c1cnc2c(c1)Cc1c3nnc4ccoc4c3Cc21
38.636116,6.7948084,Client C,c1cnc2ccoc2c1
74.36459,6.048841,Client C,c1cc2Cc3c(ncc4c3oc3ccCc34)c2nn1
73.0631,4.917744,Client C,c1cc2[nH]c3c(ncc4c3oc3ccCc34)c2nn1
63.02461,-18.736214,Client C,c1cc2nnc3c(ccc4c5[nH]ccc5Cc43)c2[nH]1
40.764217,16.833944,Client C,c1cc2Cc3c(ccc4ccsc43)c2o1
69.33397,2.0099537,Client C,c1cc2[nH]c3c(ccc4c3oc3ccCc34)c2cn1
50.811726,-16.538212,Client C,c1ccc2cc3c(cc2c1)oc1cc[nH]c13
58.747284,1.4589567,Client C,c1cc2ncc3c4cc5Cccc5cc4Cc3c2[nH]1
68.73348,-4.437118,Client C,c1cc2[nH]c3c(ncc4c3[nH]c3ccCc34)c2cn1
44.415173,13.939727,Client C,c1cnc2c(c1)oc1c2ccc2c3occc3Cc21
43.45027,8.5118885,Client C,c1cc2[nH]c3c4oc5ccoc5c4Cc3c2cn1
50.867413,-16.9046,Client C,c1cc2oc3cc4cc5ccoc5cc4cc3c2[nH]1
38.42891,-1.5681139,Client C,c1cnc2c(c1)nnc1c3occc3sc21
27.796827,-9.035344,Client C,c1ccc2c(c1)ncc1cc3ccnnc3cc12
54.456146,17.914404,Client C,c1ccc2c(c1)Cc1c3nnc4ccCc4c3Cc21
45.91435,6.9619775,Client C,c1ccc2c(c1)[nH]c1c3ncc4ccoc4c3Cc21
52.732944,-4.8351045,Client C,c1cc2Cc3c4cnccc4[nH]c3c2cn1
56.72412,2.3225262,Client C,c1cnc2c(c1)cnc1cc3ccCc3cc12
40.45952,-13.53105,Client C,c1cc2oc3c4sccc4sc3c2[nH]1
34.085052,5.2322803,Client C,c1cc2ccc3ccsc3c2o1
49.054592,-22.151102,Client C,c1cnc2c(c1)oc1cc3cc[nH]c3cc12
36.147655,0.9294779,Client C,c1cc2cnc3c(ccc4ccoc43)c2cn1
71.58306,7.7367826,Client C,c1cc2cnc3c(nnc4c3oc3ccCc34)c2[nH]1
33.28079,-9.571127,Client C,c1ccc2c(c1)nnc1c3sccc3sc21
60.444084,-0.3527952,Client C,c1cc2cnc3c4cnc5ccCc5c4Cc3c2[nH]1
42.846046,2.1615958,Client C,c1ccc2c(c1)ncc1c2[nH]c2c3occc3oc12
67.31694,13.113469,Client C,c1cc2ccc3c4oc5ccCc5c4Cc3c2C1
54.69621,3.5029194,Client C,c1cc2cc3[nH]c4cc5ccCc5cc4c3cc2C1
38.29403,-1.5546856,Client C,c1ccc2c(c1)nnc1c3occc3sc21
62.319073,5.43934,Client C,c1cc2[nH]c3c4cnc5ccCc5c4cnc3c2[nH]1
55.55174,-0.26689535,Client C,c1cc2Cccc2cn1
60.73887,22.47372,Client C,c1cc2ncc3cc4c(cc3c2C1)Cc1ccCc14
67.121796,7.2479844,Client C,c1cc2oc3c4cnc5ccCc5c4oc3c2cn1
58.7644,0.7982023,Client C,c1cc2ccc3c4cc5Cccc5cc4Cc3c2[nH]1
58.993614,23.445908,Client C,c1cc2ncc3cc4c(cc3c2o1)Cc1ccCc14
27.677002,4.475737,Client C,c1ccc2cc3c(cc2c1)[nH]c1ccsc13
68.167305,3.7681766,Client C,c1cnc2c(c1)[nH]c1c2cnc2c1oc1ccCc12
37.357666,-14.646304,Client C,c1cc2sc3cc[nH]c3c2[nH]1
53.96677,24.660345,Client C,c1cc2Cc3c4Cccc4Cc3c2o1
61.977497,10.016621,Client C,c1ccc2c(c1)ccc1c2cnc2ccCc21
53.158596,-10.907416,Client C,c1ccc2c(c1)oc1c2[nH]c2c3ncccc3Cc21
41.972965,-17.836205,Client C,c1ccc2c(c1)cnc1c2cnc2cc[nH]c21
44.04384,-4.551614,Client C,c1cc2ccc3c([nH]c4c3[nH]c3ccoc34)c2nn1
62.06464,-18.130795,Client C,c1cc2cnc3c(ccc4c5[nH]ccc5Cc43)c2[nH]1
54.26112,-11.526623,Client C,c1ccc2c(c1)Cc1c2[nH]c2c3[nH]ccc3oc21
34.72771,-6.7297835,Client C,c1ccc2c(c1)[nH]c1cccnc12
44.44145,19.777218,Client C,c1cc2Cc3c(oc4c5occc5oc43)c2[nH]1
46.138374,13.281398,Client C,c1cnc2c(c1)[nH]c1c2ccc2c3occc3Cc21
72.67405,-1.5466605,Client C,c1cc2oc3c(ccc4c3[nH]c3ccCc34)c2[nH]1
39.00911,1.887015,Client C,c1ccc2c(c1)ncc1ccoc12
27.310703,-6.9540486,Client C,c1ccc2c(c1)ccc1c3ccccc3ccc21
65.339584,-5.952286,Client C,c1cc2ncc3c4[nH]c5ccCc5c4Cc3c2cn1
21.972252,-1.2957036,Client C,c1ccc(-c2sc3c(-c4ccccc4)c(-c4ccccc4)sc3c2-c2ccccc2)cc1
41.73329,-9.785129,Client C,c1cc2ccc3c(ccc4cc[nH]c43)c2nn1
48.585472,-15.153643,Client C,c1ccc2c(c1)ccc1c2oc2c3[nH]ccc3oc12
53.79486,14.113359,Client C,c1cc2[nH]c3c([nH]c4c5Cccc5Cc34)c2cn1
69.83255,4.492193,Client C,c1cc2[nH]c3c(oc4ccCc43)c2[nH]1
71.96151,-4.364212,Client C,c1cc2sc3c([nH]c4ccCc43)c2s1
46.197624,-10.869465,Client C,c1cc2oc3c(ncc4c3[nH]c3ccoc34)c2[nH]1
41.909245,-18.780943,Client C,c1ccc2c(c1)cnc1c2ccc2cc[nH]c21
61.51006,18.19593,Client C,c1cc2oc3c(ccc4c5Cccc5Cc43)c2[nH]1
43.355915,5.273667,Client C,c1ccc2cc3c(cc2c1)oc1c2occc2oc31
61.029705,-14.99318,Client C,c1cc2Cc3c(cnc4c5[nH]ccc5Cc43)c2nn1
34.77697,-15.59529,Client C,c1ccc2c(c1)Cc1c3[nH]ccc3sc21
52.58048,-7.63727,Client C,c1cc2[nH]c3c([nH]c4c5[nH]ccc5Cc43)c2cn1
65.217636,-17.437218,Client C,c1cc2Cc3c4ncc5ccCc5c4nnc3c2[nH]1
38.790028,15.700858,Client C,c1cc2ccc3c(Cc4c5occc5Cc34)c2o1
29.986404,1.5555011,Client C,c1cnc2cc3c(cc2c1)nnc1ccsc13
40.72004,-6.135505,Client C,c1cc2sc3c([nH]c4ccoc43)c2nn1
30.955173,1.0551353,Client C,c1cnc2c(c1)ccc1c2nnc2ccsc21
64.19848,-2.6001701,Client C,c1cnc2c(c1)oc1c3cc4Cccc4cc3Cc21
36.74383,3.6621187,Client C,c1cc2ccc3ccoc3c2nn1
29.871328,2.6268861,Client C,c1cnc2cc3c(cc2c1)oc1ccsc13
37.17185,0.013738992,Client C,c1cc2sc3c(cnc4ccoc43)c2cn1
24.535706,2.343525,Client C,c1cc2c(s1)sc1sc3sccc3c12
58.867764,-16.620897,Client C,c1ccc2c(c1)ncc1c2Cc2c3[nH]ccc3Cc12
55.010994,-8.886719,Client C,c1cnc2c(c1)Cc1c3cnccc3oc21
50.745354,10.25694,Client C,c1cc2cc3Cc4c(ncc5ccCc54)c3cc2o1
73.66526,5.2483106,Client C,c1cc2ncc3c(oc4ccCc43)c2nn1
56.19171,10.942466,Client C,c1ccc2c(c1)sc1c2nnc2ccCc21
41.65574,-0.6458536,Client C,c1cnc2c(c1)[nH]c1c2ccc2ccoc21
49.856087,17.820917,Client C,c1cc2Cc3c(nnc4ccCc43)c2o1
45.08997,14.671035,Client C,c1cnc2c(c1)oc1c3occc3Cc21
35.421585,-4.6111474,Client C,c1cnc2c(c1)sc1c3cnccc3ccc21
25.86237,-10.596375,Client C,c1cc2cnc3cccc4c5ccnnc5c(c1)c2c34
31.991158,12.33559,Client C,c1ccc2c(c1)Cc1c2ncc2ccsc21
52.135155,4.836749,Client C,c1cc2[nH]c3c4cc5Cccc5cc4ncc3c2o1
60.43853,19.490374,Client C,c1cc2Cc3c(cnc4c3oc3ccCc34)c2C1
46.656353,-14.554198,Client C,c1cnc2c(c1)oc1c3[nH]ccc3oc21
73.23458,3.126719,Client C,c1cc2oc3c([nH]c4c3oc3ccCc34)c2nn1
55.658085,24.74478,Client C,c1cc2cc3Cc4c5Cccc5Cc4c3cc2C1
63.52255,-16.760204,Client C,c1cc2ncc3c(nnc4c5[nH]ccc5Cc34)c2[nH]1
36.429073,5.3868227,Client C,c1ccc2c(c1)oc1c2ccc2ccoc21
32.29306,-0.020562692,Client C,c1cnc2c(c1)ncc1ccsc12
26.487617,2.7067404,Client C,c1cc2c3cc4c(cc3c3ccsc3c2s1)c1ccsc1c1sccc41
54.811733,20.701406,Client C,c1cc2nnc3c(nnc4c5Cccc5Cc34)c2o1
58.4158,-11.473516,Client C,c1cc2Cc3c4ncc5cc[nH]c5c4Cc3c2cn1
57.251026,-18.95101,Client C,c1cc2[nH]c3cc4c(cc3c2nn1)Cc1cc[nH]c14
48.590492,9.399533,Client C,c1cc2ncc3c4cnc5ccoc5c4Cc3c2o1
42.010647,11.006208,Client C,c1cc2Cc3c(oc4c5occc5oc43)c2cn1
54.35005,1.5579348,Client C,c1cc2[nH]c3c4cc5Cccc5cc4[nH]c3c2cn1
69.48509,8.059006,Client C,c1cc2oc3c4oc5ccCc5c4oc3c2C1
24.506666,-9.032753,Client C,c1cc2nnc3cccc4c5cnccc5c(c1)c2c34
66.63554,4.0080237,Client C,c1cnc2c(c1)[nH]c1c3ccc4ccCc4c3oc21
75.256165,8.270597,Client C,c1cc2cnc3c4oc5ccCc5c4Cc3c2nn1
61.21484,24.680616,Client C,c1cc2oc3cc4c(cc3c2cn1)Cc1ccCc14
37.510647,-15.174411,Client C,c1ccc2c(c1)sc1cc[nH]c12
31.471733,-7.4304357,Client C,c1ccc2c(c1)sc1c3ccccc3sc21
40.229458,-18.458078,Client C,c1ccc2cc3c(cc2c1)ncc1cc[nH]c13
70.583755,11.696702,Client C,c1cc2cc3oc4ccCc4c3cc2s1
54.814247,21.376184,Client C,c1cc2nnc3c(Cc4c5Cccc5Cc34)c2o1
63.679737,-16.977537,Client C,c1cc2ccc3c(nnc4c5[nH]ccc5Cc34)c2[nH]1
52.779823,-6.9768734,Client C,c1cc2[nH]c3c(ccc4c5[nH]ccc5Cc43)c2cn1
40.17792,-1.9315841,Client C,c1cnc2c(c1)[nH]c1c3occc3sc21
60.90701,22.148264,Client C,c1cc2nnc3cc4c(cc3c2C1)Cc1ccCc14
28.685717,8.382165,Client C,c1cnc2c(c1)nnc1c3sccc3Cc21
59.054325,23.783276,Client C,c1cc2ccc3cc4c(cc3c2o1)Cc1ccCc14
61.851513,-17.751333,Client C,c1cc2cnc3c(cnc4c5[nH]ccc5Cc34)c2[nH]1
65.91808,5.5406356,Client C,c1cnc2c(c1)oc1c3ccc4ccCc4c3oc21
36.35431,-13.76757,Client C,c1cc2sc3c(ncc4ccsc43)c2[nH]1
36.560684,11.491032,Client C,c1ccc2c(c1)Cc1c3ccc4ccoc4c3[nH]c21
47.436543,-22.543692,Client C,c1cnc2cc3cc4cc[nH]c4cc3cc2c1
74.07349,-1.2141653,Client C,c1ccc2cc3c(cc2c1)oc1c3[nH]c2ccCc21
54.5396,4.05801,Client C,c1cc2[nH]c3cc4ccCc4cc3c2s1
43.69847,20.842258,Client C,c1cc2Cc3c4nnc5ccoc5c4oc3c2[nH]1
35.958763,15.365618,Client C,c1cc2Cc3c4cc5occc5cc4Cc3c2[nH]1
20.24127,-2.4784768,Client C,c1ccc(C2=C3C(=C(c4ccccc4)c4cc5ccccc5cc43)c3cc4ccccc4cc32)cc1
35.807663,-0.14960885,Client C,c1cc2cnc3c4occc4sc3c2cn1
59.644203,-8.757355,Client C,c1cc2ncc3c4oc5cc[nH]c5c4Cc3c2cn1
58.959682,10.190609,Client C,c1cnc2c(c1)ncc1c2sc2ccCc21
60.007168,4.5920486,Client C,c1cc2cnc3c4[nH]c5ccCc5c4[nH]c3c2C1
60.706203,16.942781,Client C,c1cc2ccc3c4Cccc4Cc3c2[nH]1
57.84663,-17.45314,Client C,c1cc2[nH]c3c(Cc4c5[nH]ccc5Cc34)c2[nH]1
57.42261,18.267738,Client C,c1cc2nnc3c4Cccc4Cc3c2s1
44.39231,-21.677074,Client C,c1cc2cc3[nH]c4c(nnc5cc[nH]c54)c3cc2[nH]1
48.279533,16.50535,Client C,c1cc2Cc3c([nH]c4ccCc43)c2o1
63.894314,-11.726633,Client C,c1cc2ncc3c(oc4c5[nH]ccc5Cc34)c2cn1
65.50916,0.0019463636,Client C,c1cc2oc3c4oc5ccCc5c4Cc3c2cn1
34.843098,13.066665,Client C,c1ccc2c(c1)ccc1c3ccccc3Cc21
38.385803,-8.674171,Client C,c1ccc2c(c1)ccc1c3nnccc3sc21
48.76236,12.771429,Client C,c1cnc2c(c1)Cc1c3cc4occc4cc3[nH]c21
47.55635,-7.7282224,Client C,c1cc2ncc3c([nH]c4c5[nH]ccc5[nH]c34)c2cn1
42.582302,21.58943,Client C,c1cc2Cc3c(nnc4ccoc43)c2[nH]1
34.479996,-3.2184205,Client C,c1cnc2c(c1)oc1c3cnccc3ccc21
37.224007,-3.0133498,Client C,c1cnc2c(c1)sc1c2ccc2ccoc21
25.917242,4.034009,Client C,C1=Cc2cc3c4sccc4cc4cncc(c2=N1)c43
46.790764,18.681988,Client C,c1cc2Cc3c(cnc4c5occc5Cc43)c2[nH]1
64.8826,-17.568357,Client C,c1cc2Cc3c4ccc5ccCc5c4nnc3c2[nH]1
61.432964,14.3160515,Client C,c1cc2ccc3c(sc4ccCc43)c2[nH]1
38.060776,-16.115068,Client C,c1ccc2c(c1)ncc1c3[nH]ccc3sc21
48.457813,-18.23817,Client C,c1cc2cc3oc4c5[nH]ccc5oc4c3cc2[nH]1
65.48241,-1.7987555,Client C,c1cnc2c(c1)oc1c3oc4ccCc4c3Cc21
42.336662,-3.481927,Client C,c1cc2[nH]c3c4ncc5ccoc5c4cnc3c2[nH]1
39.732204,-14.043229,Client C,c1cc2sc3c(oc4ccsc43)c2[nH]1
39.652958,-10.090713,Client C,c1cc2sc3c(cnc4cc[nH]c43)c2nn1
57.35253,-9.714692,Client C,c1cc2Cc3c(cnc4c5[nH]ccc5oc43)c2cn1
35.588234,18.387064,Client C,c1cnc2c(c1)Cc1cc3c(cc12)Cc1ccoc13
46.881443,-12.479015,Client C,c1ccc2c(c1)[nH]c1c2ncc2c3[nH]ccc3oc21
50.63709,3.4929705,Client C,c1cc2oc3c4cc5Cccc5cc4[nH]c3c2o1
65.99181,0.46241876,Client C,c1cc2nnc3c4oc5ccCc5c4Cc3c2cn1
57.476154,-10.88351,Client C,c1cc2Cc3c(ccc4cc[nH]c43)c2cn1
35.501965,15.167067,Client C,c1ccc2c(c1)Cc1c3cc4occc4cc3Cc21
59.934803,12.076616,Client C,c1cc2cnc3ccCc3c2s1
31.555092,-7.465155,Client C,c1ccc2c(c1)sc1cc(-c3cc4sc5ccccc5c4s3)sc12
58.28198,-19.35098,Client C,c1cc2cc3[nH]c4c5[nH]ccc5Cc4c3cc2nn1
70.80925,5.237064,Client C,c1cc2ncc3c([nH]c4c3oc3ccCc34)c2o1
31.915823,-15.117734,Client C,c1cnc2c(c1)sc1c3ncccc3Cc21
36.02354,4.855089,Client C,c1cc2ccc3ccoc3c2o1
71.5219,-0.17276259,Client C,c1ccc2c(c1)oc1c2cnc2c1[nH]c1ccCc12
52.675377,-13.007844,Client C,c1cnc2c(c1)Cc1c3ccc4cc[nH]c4c3oc21
47.832943,6.8931427,Client C,c1cc2ccc3c4ncc5ccoc5c4Cc3c2[nH]1
45.51847,-1.8334482,Client C,c1ccc2cc3c(cc2c1)[nH]c1c3[nH]c2ccoc21
38.075783,1.3416317,Client C,c1cc2ncc3ccoc3c2cn1
57.68012,-17.866816,Client C,c1cc2[nH]c3c(Cc4c5[nH]ccc5Cc34)c2nn1
60.304768,-14.6832695,Client C,c1ccc2c(c1)Cc1c2cnc2c3[nH]ccc3Cc21
73.7813,0.98063946,Client C,c1cc2oc3c(ccc4c3[nH]c3ccCc34)c2nn1
34.331516,-10.43474,Client C,c1ccc2c(c1)[nH]c1c2nnc2ccsc21
50.64928,-6.276181,Client C,c1ccc2c(c1)Cc1c3[nH]c4ccncc4c3oc21
31.38478,5.942683,Client C,c1cc2oc3c(oc4c3oc3ccsc34)c2o1
58.632236,-11.933919,Client C,c1ccc2c(c1)Cc1c3ncc4cc[nH]c4c3Cc21
40.56975,19.777372,Client C,c1cc2cc3nnc4c5occc5Cc4c3cc2[nH]1
49.511837,-8.452149,Client C,c1cc2[nH]c3c4ccc5cc[nH]c5c4oc3c2cn1
9.335392,-6.414,Client C,c1ccsc1
40.39182,3.1477861,Client C,c1cnc2cc3c(cnc4ccoc43)cc2c1
51.09362,25.116823,Client C,c1cc2[nH]c3c4sc5ccCc5c4Cc3c2o1
56.112774,25.459185,Client C,c1cc2Cc3c(Cc4c5Cccc5Cc43)c2cn1
47.966145,-18.157263,Client C,c1cc2cc3oc4c(ccc5cc[nH]c54)c3cc2[nH]1
24.138636,2.4548745,Client C,C(=Cc1cc2c(s1)sc1sccc12)c1cc2c(s1)sc1sccc12
72.25217,9.78339,Client C,c1cc2nnc3cc4c(cc3c2[nH]1)oc1ccCc14
72.29934,9.420447,Client C,c1cc2nnc3c(ccc4c3oc3ccCc34)c2[nH]1
33.355667,1.0210451,Client C,c1cnc2c(c1)cnc1c2cnc2cccnc21
75.20173,1.9211453,Client C,c1cc2ncc3c4[nH]c5ccCc5c4oc3c2nn1
42.13436,18.008465,Client C,c1cc2Cc3c(nnc4ccsc43)c2o1
50.402225,-15.775971,Client C,c1ccc2cc3c(cc2c1)oc1c2[nH]ccc2[nH]c31
57.54103,7.7312856,Client C,c1ccc2cc3c(cc2c1)nnc1ccCc13
55.399487,-0.9577947,Client C,C1=Cc2c(cnc3c4c(c5cnccc5c23)C=CC4)C1
38.307873,2.7139328,Client C,c1cnc2c(c1)ncc1ccoc12
57.12268,6.8850036,Client C,c1cc2cc3nnc4ccCc4c3cc2C1
42.490326,-19.600697,Client C,c1ccc2c(c1)nnc1c2ccc2cc[nH]c21
48.675518,-14.609296,Client C,c1ccc2c(c1)oc1c2oc2c3[nH]ccc3oc21
43.15492,-18.178509,Client C,c1ccc2c(c1)ncc1c2nnc2cc[nH]c21
75.1614,8.724315,Client C,c1cc2cnc3c4oc5ccCc5c4Cc3c2o1
53.248375,-8.36227,Client C,c1cc2oc3c([nH]c4c5[nH]ccc5Cc43)c2cn1
55.478565,-17.569914,Client C,c1ccc2c(c1)ccc1c3[nH]c4cc[nH]c4c3Cc21
37.340233,-13.909257,Client C,c1cc2sc3ccsc3c2[nH]1
53.12658,2.8176212,Client C,c1cc2nnc3c4cc5Cccc5cc4[nH]c3c2[nH]1
56.102116,-16.046183,Client C,c1cc2[nH]c3c4ccc5cc[nH]c5c4Cc3c2nn1
40.504284,23.509523,Client C,c1ccc2c(c1)Cc1c3nnc4ccoc4c3Cc21
47.761288,7.0588827,Client C,c1cc2nnc3c4ncc5ccoc5c4Cc3c2[nH]1
42.789722,0.19345465,Client C,c1cnc2c(c1)[nH]c1c2ccc2c3occc3oc21
44.083603,13.543718,Client C,c1ccc2c(c1)oc1c2ccc2c3occc3Cc21
50.05333,21.751404,Client C,c1cc2sc3c([nH]c4c5Cccc5Cc43)c2o1
41.896168,13.696396,Client C,c1cc2Cc3c4cnc5ccoc5c4ncc3c2o1
37.432514,-7.2712955,Client C,c1cc2sc3c(sc4ccCc43)c2nn1
62.31164,5.491629,Client C,c1cc2[nH]c3c4cnc5ccCc5c4nnc3c2[nH]1
40.23292,-7.113922,Client C,c1ccc2c(c1)[nH]c1c3nnccc3sc21
51.99661,25.089905,Client C,c1cc2Cc3c4sc5ccCc5c4Cc3c2o1
50.055775,3.5698264,Client C,c1cc2oc3c4cc5Cccc5cc4oc3c2o1
27.489353,-7.4876156,Client C,c1ccc2c(c1)ccc1c3ccccc3ncc21
26.978552,2.9785523,Client C,c1cc2ccc3cc4c(ccc5ccsc54)cc3c2s1
45.562195,19.19608,Client C,c1cc2Cc3ccoc3c2[nH]1
49.635273,-6.930415,Client C,c1cc2[nH]c3c4[nH]c5ccncc5c4oc3c2cn1
58.773575,19.117968,Client C,c1cc2Cc3c(cnc4c5Cccc5Cc43)c2C1
37.420063,11.40483,Client C,c1ccc2c(c1)Cc1c2[nH]c2c3occc3oc21
62.29574,3.2850924,Client C,c1cc2[nH]c3c4ncc5ccCc5c4oc3c2[nH]1
42.38143,2.9324536,Client C,c1cc2oc3c(cnc4ccoc43)c2o1
55.82549,-15.41756,Client C,c1cc2oc3c4ccc5cc[nH]c5c4Cc3c2nn1
65.284134,18.333958,Client C,c1cc2[nH]c3c(oc4c5Cccc5Cc34)c2nn1
63.26411,7.6735077,Client C,c1cc2ccc3c4cnc5ccCc5c4[nH]c3c2C1
66.57871,3.8304448,Client C,c1cc2[nH]c3c4ccc5ccCc5c4oc3c2nn1
26.939102,10.478611,Client C,c1cc2cc3Cc4ccsc4c3cc2s1
45.54178,-1.7762712,Client C,c1ccc2c(c1)[nH]c1c2[nH]c2ccoc21
25.688799,-10.5928545,Client C,c1cc2ccc3cncc4c5nnccc5c(c1)c2c34
44.781147,-15.781132,Client C,c1cc2ncc3c4cnc5cc[nH]c5c4oc3c2[nH]1
50.49519,-3.288816,Client C,c1cc2Cc3c(ccc4c3[nH]c3ccoc34)c2cn1
65.69264,-10.396611,Client C,c1cc2cc3oc4c5Cccc5Cc4c3cc2cn1
56.891228,-2.1865256,Client C,c1cc2Cc3c4ncc5ccCc5c4oc3c2cn1
43.067257,-13.225827,Client C,c1cc2oc3c(cnc4ccsc43)c2[nH]1
60.519993,-2.0781991,Client C,c1cc2[nH]c3c4ncc5ccCc5c4Cc3c2[nH]1
52.21955,4.27868,Client C,c1cc2[nH]c3c4cc5Cccc5cc4nnc3c2o1
48.370476,14.636785,Client C,c1ccc2cc3c(cc2c1)[nH]c1c2occc2Cc31
60.80041,16.876926,Client C,c1cc2ccc3c(ccc4c5Cccc5Cc34)c2[nH]1
53.995113,24.702665,Client C,c1cc2Cc3c(Cc4c5Cccc5Cc43)c2o1
40.3979,5.775452,Client C,c1cnc2c(c1)oc1c3occc3oc21
70.39357,7.1026387,Client C,c1cnc2c(c1)cnc1c2oc2c1oc1ccCc12
32.87901,-0.48721725,Client C,c1cnc2c(c1)[nH]c1c2ncc2ccsc21
31.924627,-15.143655,Client C,c1cnc2c(c1)sc1c3cnccc3Cc21
58.244328,11.507316,Client C,c1cc2sc3c(ncc4ccCc43)c2C1
42.397545,4.6173325,Client C,c1cc2cc3oc4ccoc4c3cc2nn1
63.818733,-11.876544,Client C,c1cnc2c(c1)ncc1c2oc2c3[nH]ccc3Cc12
55.34302,15.468833,Client C,c1cnc2c(c1)nnc1c2[nH]c2c3Cccc3Cc12
68.2537,-1.0617069,Client C,c1cnc2c(c1)[nH]c1cc3c(cc12)oc1ccCc13
26.7334,1.0316086,Client C,c1cc2cc3ccsc3cc2s1
38.901688,4.1785603,Client C,c1cnc2c(c1)ccc1c2nnc2ccoc21
45.281055,17.55831,Client C,c1cc2cnc3c(oc4c5occc5Cc34)c2[nH]1
41.60499,9.739175,Client C,c1cc2oc3c4cc5occc5cc4Cc3c2cn1
65.5661,5.9220614,Client C,c1ccc2c(c1)oc1c2ccc2ccCc21
33.197845,4.3822455,Client C,c1cc2ccc3cc4ccsc4cc3c2o1
69.40683,9.1184225,Client C,c1cc2oc3ccCc3c2o1
60.098423,4.582981,Client C,c1ccc2c(c1)[nH]c1c3ncc4ccCc4c3[nH]c21
30.011515,4.2049546,Client C,c1cc2oc3ccsc3c2s1
41.33347,-1.4805993,Client C,c1cnc2c(c1)[nH]c1c2ncc2ccoc21
64.45694,-0.61902237,Client C,c1cc2oc3c4ncc5ccCc5c4Cc3c2cn1
47.745186,-6.379062,Client C,c1ccc2c(c1)ncc1c3cnccc3[nH]c21
40.593605,-7.185737,Client C,c1cc2[nH]c3c4nnccc4sc3c2cn1
41.634827,-0.4667197,Client C,c1cnc2c(c1)[nH]c1c3ccc4ccoc4c3oc21
52.195675,-17.0938,Client C,c1cc2Cc3cc4c(cc3c2nn1)oc1cc[nH]c14
60.566288,-2.7400944,Client C,c1cc2[nH]c3c4ncc5ccCc5c4Cc3c2cn1
74.20069,1.3971093,Client C,c1cc2oc3c4[nH]c5ccCc5c4oc3c2nn1
40.6172,21.901081,Client C,c1cc2cc3Cc4c(nnc5ccoc54)c3cc2o1
48.761814,-7.2900467,Client C,c1cc2[nH]c3cc[nH]c3c2cn1
62.092297,1.3262284,Client C,c1cc2[nH]c3ccCc3c2[nH]1
37.6126,-3.3143468,Client C,c1cnc2c(c1)sc1c2ncc2ccoc21
64.89411,10.874316,Client C,c1cc2cc3oc4c(nnc5ccCc54)c3cc2o1
26.930866,0.54666466,Client C,c1cc2cc3c(cc2s1)sc1cc2sccc2cc13
35.719555,-11.695425,Client C,c1cc2nnc3c(nnc4ccsc43)c2[nH]1
58.026447,2.6909742,Client C,c1cc2ncc3cc4ccCc4cc3c2[nH]1
49.811,9.625479,Client C,c1cc2ncc3c4ncc5ccCc5c4Cc3c2o1
57.912647,20.820816,Client C,c1cnc2c(c1)ncc1c2Cc2c3Cccc3Cc12
41.9834,-17.452051,Client C,c1cc2cnc3c(cnc4cc[nH]c43)c2[nH]1
42.59418,22.070675,Client C,c1cc2[nH]c3c4nnc5ccoc5c4Cc3c2[nH]1
26.109177,-6.0352077,Client C,c1ccc2cnccc2c1
47.884537,14.825006,Client C,c1ccc2c(c1)[nH]c1c3occc3Cc21
47.37477,-13.057274,Client C,c1ccc2c(c1)[nH]c1c2ccc2c3[nH]ccc3oc21
64.668625,10.516958,Client C,c1cc2cc3oc4c(cnc5ccCc54)c3cc2o1
28.455801,-9.915844,Client C,c1ccc2c(c1)ncc1c3nnccc3oc21
46.827637,13.985002,Client C,c1cnc2c(c1)[nH]c1c3occc3Cc21
44.512367,-14.800715,Client C,c1cc2ncc3c(cnc4c5[nH]ccc5oc34)c2[nH]1
30.424717,-4.580479,Client C,c1ccc2c(c1)cnc1c3cnccc3sc21
60.49551,2.3345177,Client C,c1cc2ncc3c([nH]c4ccCc43)c2[nH]1
30.225485,3.6921854,Client C,c1cnc2c(c1)oc1ccsc12
46.859985,-13.451594,Client C,c1cnc2c(c1)[nH]c1c2ccc2c3[nH]ccc3oc21
60.6652,-3.2396939,Client C,c1cc2[nH]c3c4ncc5ccCc5c4Cc3c2nn1
43.750862,-22.29698,Client C,c1cc2nnc3cc4c(cc3c2[nH]1)[nH]c1cc[nH]c14
68.47046,6.807695,Client C,c1cc2oc3c(oc4c3oc3ccCc34)c2cn1
33.262543,6.3174973,Client C,c1cc2[nH]c3ccsc3c2o1
43.3338,16.202885,Client C,c1cc2oc3c(nnc4c5occc5Cc43)c2o1
38.203693,4.151267,Client C,c1cnc2c(c1)ccc1ccoc12
33.51395,-9.763761,Client C,c1ccc2c(c1)sc1c2nnc2ccsc21
60.667183,-4.435997,Client C,c1cc2[nH]c3c4cc5Cccc5cc4Cc3c2nn1
48.83301,-11.073313,Client C,c1cc2cnc3c4[nH]c5cc[nH]c5c4oc3c2[nH]1
26.574867,-6.259555,Client C,c1ccc2c(c1)ccc1ccncc12
38.724632,-6.5092573,Client C,c1cnc2c(c1)sc1c3nnccc3[nH]c21
69.325424,10.145504,Client C,c1cc2ccc3cc4c(cc3c2o1)oc1ccCc14
24.51726,-9.097514,Client C,c1cc2ccc3nncc4c5cnccc5c(c1)c2c34
44.36785,-7.0480914,Client C,c1cc2[nH]c3c(ccc4ccnnc43)c2cn1
54.84937,5.190898,Client C,c1cc2[nH]c3c(ccc4ccCc43)c2s1
47.940083,-17.048286,Client C,c1cc2ccc3c4ccc5cc[nH]c5c4oc3c2[nH]1
59.700222,2.60656,Client C,c1cc2ncc3ccCc3c2[nH]1
39.250984,-14.879504,Client C,c1ccc2c(c1)oc1c3[nH]ccc3sc21
39.770428,-9.467102,Client C,c1cc2sc3c(ccc4cc[nH]c43)c2nn1
34.4271,-3.184576,Client C,c1cnc2c(c1)oc1ccncc12
55.94792,19.700161,Client C,c1cnc2c(c1)oc1c2nnc2c3Cccc3Cc21
70.077286,2.495024,Client C,c1cc2cc3[nH]c4c(oc5ccCc54)c3cc2cn1
66.25654,7.6998334,Client C,c1cnc2c(c1)oc1c2cnc2ccCc21
47.45518,21.587004,Client C,c1cc2Cc3c([nH]c4c5occc5sc43)c2[nH]1
32.423145,-5.56452,Client C,c1ccc2c(c1)sc1c3cnccc3oc21
46.17417,20.098913,Client C,c1cc2Cc3c(sc4c5occc5Cc43)c2[nH]1
40.225735,14.280001,Client C,c1cc2Cc3ccoc3c2cn1
70.23638,11.057651,Client C,c1cc2cc3oc4ccCc4c3cc2C1
59.031628,8.76985,Client C,c1cnc2c(c1)nnc1ccCc12
28.708448,0.9351069,Client C,c1cnc2cc3ccsc3cc2c1
56.65866,-5.917467,Client C,c1ccc2c(c1)[nH]c1c3nnccc3Cc21
52.312843,3.4753053,Client C,c1cc2nnc3c4cc5Cccc5cc4[nH]c3c2o1
37.000324,12.642703,Client C,c1ccc2c(c1)Cc1c2ccc2c3occc3oc21
33.332726,-15.400861,Client C,c1ccc2c(c1)Cc1c3nnccc3sc21
44.06045,0.47604248,Client C,c1cc2[nH]c3c4occc4oc3c2nn1
64.71733,-1.597006,Client C,c1cnc2c(c1)oc1c3ncc4ccCc4c3Cc21
73.597115,3.534945,Client C,c1cc2oc3c(oc4ccCc43)c2nn1
48.88759,-5.907058,Client C,c1cc2[nH]c3c([nH]c4ccsc43)c2cn1
59.37852,-13.748751,Client C,c1ccc2c(c1)Cc1c2ncc2c3[nH]ccc3[nH]c21
40.856365,21.436975,Client C,c1cc2cc3Cc4c(nnc5ccoc54)c3cc2[nH]1
58.535778,-10.043047,Client C,c1cc2Cc3c4oc5cc[nH]c5c4Cc3c2cn1
49.361725,-22.246553,Client C,c1cnc2c(c1)oc1cc3c(cc12)[nH]c1cc[nH]c13
46.86351,-19.47444,Client C,c1cc2cc3ccc4c5occc5oc4c3cc2[nH]1
29.580524,-2.7509882,Client C,c1cc2sc3c(ccc4ccsc43)c2cn1
56.735157,-5.9222484,Client C,c1ccc2c(c1)cnc1c3nnccc3Cc21
73.79752,-3.6602478,Client C,c1cc2Cc3c4[nH]c5ccCc5c4oc3c2s1
59.2446,12.026613,Client C,c1cc2cnc3c(sc4ccCc43)c2s1
44.422108,14.656078,Client C,c1cnc2c(c1)oc1c2cnc2c3occc3Cc21
34.87994,4.5407796,Client C,c1cc2sc3c(ccc4ccoc43)c2o1
63.52155,8.007885,Client C,c1cc2ccc3c4cnc5ccCc5c4[nH]c3c2o1
57.379185,4.270757,Client C,c1cc2cc3cnc4c([nH]c5ccCc54)c3cc2C1
43.07585,-2.2096534,Client C,c1cc2cnc3c4[nH]c5ccoc5c4oc3c2o1
46.70445,-10.504718,Client C,c1cc2[nH]c3c(cnc4c5[nH]ccc5oc43)c2cn1
61.297115,6.639868,Client C,c1cc2[nH]c3c4cnc5ccCc5c4ncc3c2C1
39.917385,2.4141462,Client C,c1ccc2c(c1)cnc1ccoc12
46.108498,-17.65601,Client C,c1cc2cc3oc4c(cnc5cc[nH]c54)c3cc2[nH]1
46.5389,-19.524036,Client C,c1cc2cc3ncc4c5occc5oc4c3cc2[nH]1
22.612724,-3.074816,Client C,c1ccc(-c2cc3c(ccc4c5cc(-c6ccccc6)sc5ccc34)s2)cc1
32.98577,1.8969457,Client C,c1ccc2cc3c(cc2c1)nnc1cccnc13
48.453377,9.227196,Client C,c1cc2ncc3c4cnc5ccoc5c4Cc3c2[nH]1
68.252106,-1.6726991,Client C,c1cnc2c(c1)oc1cc3c(cc12)[nH]c1ccCc13
46.58954,21.35285,Client C,c1cc2Cc3c4occc4sc3c2[nH]1
47.4609,15.178562,Client C,c1ccc2c(c1)ncc1c2[nH]c2c3occc3Cc12
33.246296,-2.5324757,Client C,c1cc2oc3c4cnccc4cnc3c2cn1
45.07959,2.9168553,Client C,c1cc2[nH]c3cc4c(cc3c2o1)oc1ccoc14
42.006935,10.078931,Client C,c1cc2cc3Cc4c5occc5oc4c3cc2cn1
70.00348,6.7008867,Client C,c1cnc2c(c1)ncc1c2oc2c1oc1ccCc12
56.590168,18.386648,Client C,c1cc2Cc3c(nnc4ccCc43)c2C1
46.2717,-0.61519176,Client C,c1ccc2c(c1)oc1c3[nH]c4ccoc4c3oc21
44.8535,2.7379382,Client C,c1cnc2c(c1)[nH]c1cc3c(cc12)oc1ccoc13
64.13313,-13.2787,Client C,c1cc2cnc3c(oc4c5[nH]ccc5Cc34)c2nn1
56.860535,16.923098,Client C,c1cc2cc3nnc4c5Cccc5Cc4c3cc2[nH]1
37.421562,17.172573,Client C,c1cc2cc3Cc4c5occc5Cc4c3cc2nn1
47.441265,-3.0738785,Client C,c1cc2[nH]c3c(cnc4ccsc43)c2o1
45.39711,19.11076,Client C,c1cc2Cc3c(oc4c5occc5Cc43)c2[nH]1
53.38026,-11.447127,Client C,c1cnc2c(c1)Cc1c2[nH]c2c3[nH]ccc3oc21
27.172726,-0.051753562,Client C,c1cc2cc3sc4ccsc4c3cc2s1
26.0464,1.5213047,Client C,c1cc2sccc2s1
38.20362,-8.809666,Client C,c1cc2sc3c(ccc4ccsc43)c2nn1
47.653446,-3.7273092,Client C,c1cc2ncc3c([nH]c4ccoc43)c2cn1
53.181725,8.197075,Client C,c1cc2nnc3c(ncc4ccCc43)c2o1
63.174625,3.3515575,Client C,c1cc2oc3c4ncc5ccCc5c4cnc3c2[nH]1
41.44589,13.760659,Client C,c1cc2ncc3c4occc4Cc3c2cn1
25.888048,-0.5951435,Client C,c1cc2[nH]c3cc4ccsc4cc3c2nn1
56.048378,25.90174,Client C,c1cc2Cc3c(Cc4c5Cccc5Cc43)c2nn1
49.998737,-19.720453,Client C,c1cc2ccc3cc4c(cc3c2[nH]1)Cc1cc[nH]c14
30.678707,-7.853052,Client C,c1ccc(C2=c3c(sc4c3sc3ccccc34)=C3C2=c2sc4c(sc5ccccc54)c2=C3c2ccccc2)cc1
33.70722,15.602965,Client C,c1ccc2cc3c(cc2c1)Cc1ccccc13
32.661312,12.331009,Client C,c1ccc2c(c1)Cc1c2[nH]c2ccsc21
61.314762,7.3094482,Client C,c1cc2cnc3c(cnc4ccCc43)c2C1
44.213566,-12.537789,Client C,c1cc2oc3c(cnc4ccoc43)c2[nH]1
69.26749,-4.557104,Client C,c1cc2[nH]c3cc4c(cc3c2cn1)[nH]c1ccCc14
31.362701,6.5734963,Client C,c1cc2oc3c4sccc4sc3c2o1
47.68046,-11.568519,Client C,c1cc2[nH]c3c(nnc4c5[nH]ccc5oc43)c2[nH]1
46.57998,-6.2253804,Client C,c1ccc2cc3c(cc2c1)[nH]c1ccncc13
51.764057,-7.91845,Client C,c1cnc2c(c1)Cc1c2[nH]c2c3cnccc3[nH]c21
50.440517,21.976498,Client C,c1cc2oc3c([nH]c4c5Cccc5Cc43)c2o1
65.76922,-3.2503383,Client C,c1cnc2c(c1)[nH]c1c3oc4cccnc4c3Cc21
34.40192,14.701194,Client C,c1ccc2c(c1)Cc1c2Cc2c3ccccc3Cc21
27.01388,10.523861,Client C,c1ccc2cc3c(cc2c1)Cc1ccsc13
53.6886,-5.4682508,Client C,c1cc2[nH]c3c4cnc5cc[nH]c5c4Cc3c2cn1
71.16791,-2.4408908,Client C,c1cc2ccc3c4[nH]c5ccCc5c4oc3c2cn1
72.84515,-1.846336,Client C,c1cc2oc3c([nH]c4ccCc43)c2[nH]1
39.592213,19.314293,Client C,c1cc2cc3Cc4ccoc4c3cc2[nH]1
65.26616,-10.648157,Client C,c1cc2cc3oc4c5[nH]ccc5Cc4c3cc2cn1
61.104553,19.055523,Client C,c1cc2oc3c(ncc4c5Cccc5Cc43)c2[nH]1
-21.8855,-10.215334,Client D,BC1=C(B)C1=C1C=CC=C1
-23.65619,-17.235441,Client D,N#CC1=C(C#N)C1=C1C=CC=C1
-21.57543,-8.821799,Client D,NC1=C(N)C1=C1C=CC=C1
-20.175907,-10.305642,Client D,OC1=C(O)C1=C1C=CC=C1
-22.043333,-10.448781,Client D,BC1=C(B)C(=C2C=C2)C(B)=C1B
-22.582338,-10.96972,Client D,BC1=CC=C(B)C1=C1C=C1
-19.793564,-8.1828375,Client D,BC1=CC(=C2C=C2)C=C1B
-23.70715,-17.432755,Client D,N#CC1=C(C#N)C(=C2C=C2)C(C#N)=C1C#N
-24.15154,-14.86125,Client D,N#CC1=CC=C(C#N)C1=C1C=C1
-25.23271,-14.765953,Client D,N#CC1=CC(=C2C=C2)C=C1C#N
-19.24145,-14.533165,Client D,CC1=CC=C(C)C1=C1C(C(F)(F)F)=C1C(F)(F)F
-24.117401,-21.439161,Client D,CC1=C(C)C(=C2C(C#N)=C2C#N)C(C)=C1C
-24.431362,-20.483185,Client D,CC1=CC=C(C)C1=C1C(C#N)=C1C#N
-23.68835,-18.873947,Client D,CC1=CC(=C2C(C#N)=C2C#N)C=C1C
-18.443247,-10.371253,Client D,[H]/N=C1\C=C/C(=N\[H])C1=C1C(=N\O)/C1=N/O
-13.444231,26.165823,Client D,NC1=CC=C(N)C1=C1C([N+](=O)[O-])=C1[N+](=O)[O-]
-23.080336,-21.06861,Client D,N#CC1=C(C#N)C1=C1C(N)=C(N)C(N)=C1N
-23.249186,-20.40198,Client D,N#CC1=C(C#N)C1=C1C(N)=CC=C1N
-22.803368,-19.122131,Client D,N#CC1=C(C#N)C1=C1C=C(N)C(N)=C1
-21.465813,-8.901168,Client D,NC1=C(N)C(=C2C=C2)C(N)=C1N
-22.761263,-8.64343,Client D,NC1=CC=C(N)C1=C1C=C1
-19.515306,-7.4878063,Client D,NC1=CC(=C2C=C2)C=C1N
-25.269615,-11.7834215,Client D,CN(C)C1=CC=C(N(C)C)C1=C1C=C1
-26.280376,-18.22288,Client D,CN(C)C1=CC=C(N(C)C)C1=C1C(C#N)=C1C#N
-26.518757,-12.310688,Client D,CN(C)C1=CC=C(N(C)C)C1=C1C(N=[N-])=C1[N+]#N
-26.667435,-20.053667,Client D,N#CC1=C(C#N)C1=C1C(N=[PH3])=CC=C1N=[PH3]
-23.80277,-11.9643135,Client D,CP(C)(C)=NC1=CC=C(N=P(C)(C)C)C1=C1C=C1
-27.168114,-19.58783,Client D,CP(C)(C)=NC1=CC=C(N=P(C)(C)C)C1=C1C(C#N)=C1C#N
-20.753347,-13.0139675,Client D,BC1=C(B)C1=C1C(O)=CC=C1O
-19.697292,-14.151295,Client D,OC1=CC=C(O)C1=C1C(C(F)(F)F)=C1C(F)(F)F
-25.288977,-22.0845,Client D,N#CC1=C(C#N)C1=C1C(O)=C(O)C(O)=C1O
-24.604643,-19.820618,Client D,N#CC1=C(C#N)C1=C1C(O)=CC=C1O
-23.232847,-18.574661,Client D,N#CC1=C(C#N)C1=C1C=C(O)C(O)=C1
-19.835705,-10.308548,Client D,OC1=C(O)C(=C2C=C2)C(O)=C1O
-20.851706,-11.718883,Client D,OC1=CC=C(O)C1=C1C=C1
-19.083778,-8.2859745,Client D,OC1=CC(=C2C=C2)C=C1O
-25.468824,-19.119074,Client D,COC1=CC=C(OC)C1=C1C(C#N)=C1C#N
-24.657043,-18.46926,Client D,COC1=CC(=C2C(C#N)=C2C#N)C=C1OC
-25.394428,-20.444475,Client D,N#CC1=C(C#N)C1=C1C(S)=CC=C1S
20.023027,-2.317464,Client D,ClC1=C(Cl)C(=C2C(c3ccccc3)=C2c2ccccc2)C(Cl)=C1Cl
-20.808332,-7.3933206,Client D,C1=CC(=C2C=C2)C=C1
-26.096157,-23.048666,Client D,N#CC1=C(C#N)C1=C1C(O)=C(C(F)(F)F)C(C(F)(F)F)=C1O
-25.378298,-22.7493,Client D,N#CC1=C(C#N)C1=C1C(O)=C(F)C(F)=C1O
-24.671688,-22.182104,Client D,CC1=C(O)C(=C2C(C#N)=C2C#N)C(O)=C1C
-22.864971,-8.491814,Client D,NC1=CC=C(N)C1=C1C=CC=CC=C1
-23.835388,-9.981304,Client D,[PH3]=NC1=CC=C(N=[PH3])C1=C1C=CC=CC=C1
-20.895155,-11.534184,Client D,OC1=CC=C(O)C1=C1C=CC=CC=C1
-22.507795,-15.233866,Client D,N#CC1=CC=CC=C(C#N)C1=C1C(O)=CC=C1O
-20.720776,-13.712395,Client D,OC1=CC=C(O)C1=C1C(F)=CC=CC=C1F
-24.81817,-8.981659,Client D,N#[N+]C1=CC=CC=C(N=[N-])C1=C1C=CC=C1
-23.717861,-14.829442,Client D,N#CC1=CC=CC=C(C#N)C1=C1C=CC=C1
-21.007128,-7.17019,Client D,C1=CC=CC(=C2C=CC=C2)C=C1
-25.83963,-21.965029,Client D,N#CC1=C(C#N)C1=C1C(O)=C(S)C(S)=C1O
