molecule,neutral_n_conf,cation_n_conf,triplet_n_conf,neutral_conf,cation_conf,triplet_conf,E_S0_Eh,neutral_method,neutral_log,neutral_normal_term,E_cation_Eh,cation_method,cation_log,cation_normal_term,E_T1opt_Eh,triplet_method,triplet_log,triplet_normal_term,S1_vert_eV,S1_vert_log,T1_vert_eV,T1_vert_log,delta_EST_eV,IP_adiabatic_eV,E_ST_adiabatic_eV,E_S0_at_T1geom_Eh,lambda1_S0_eV,lambda2_T1_eV,lambda_T_total_eV,lambda_h_total_eV,lambda_h_note
3ring_bh2,1,1,1,conf_1,conf_1,conf_1,-359.19548380,RwB97XD,continued_opt.log,True,-358.94309460,UwB97XD,ground.log,True,-359.15839610,UwB97XD,imaginary_corrected.log,True,3.05070000,s0_s1.log,2.71650000,s0_t1.log,0.33420000,6.86785994,1.00920772,,,,,,需要交叉构型单点计算
3ring_cn,1,1,1,conf_1,conf_1,conf_1,-492.77276790,RwB97XD,ground.log,True,-492.48435340,UwB97XD,ground.log,True,-492.72880650,UwB97XD,imaginary_corrected.log,True,,,1.91040000,s0_t1.log,,7.84815829,1.19625062,,,,,,需要交叉构型单点计算
3ring_nh2,2,1,4,conf_1,conf_1,conf_3,-419.06380850,RwB97XD,ground.log,True,-418.83822550,UwB97XD,imaginary_corrected.log,True,-418.97246940,UwB97XD,ground.log,True,4.40320000,s0_s1.log,2.99370000,s0_t1.log,1.40950000,6.13842609,2.48546351,-419.03635741,0.74698218,0.50823649,1.25521867,,需要交叉构型单点计算
3ring_oh,3,3,10,conf_1,conf_1,conf_7,-458.78487120,RwB97XD,ground.log,True,-458.53759900,UwB97XD,ground.log,True,-458.74170000,UwB97XD,ground.log,True,4.32570000,s0_s1.log,2.87610000,s0_t1.log,1.44960000,6.72861928,1.17474819,-458.74758140,1.01470717,1.70135181,2.71605898,,需要交叉构型单点计算
5ring_bh2_both,3,2,7,conf_1,conf_1,conf_3,-410.07510460,RwB97XD,ground.log,True,-409.78785700,UwB97XD,ground.log,True,-410.03974710,UwB97XD,ground.log,True,3.60590000,excited_singlet.log,2.20260000,s0_t1.log,1.40330000,7.81640532,0.96212658,-409.99555290,2.16471202,1.24047342,3.40518544,,需要交叉构型单点计算
5ring_bh2_in,1,1,3,conf_1,conf_1,conf_3,-359.20472860,RwB97XD,ground.log,True,-358.91930970,UwB97XD,ground.log,True,-359.17837110,UwB97XD,ground.log,True,3.62570000,excited_singlet.log,2.11740000,s0_t1.log,1.50830000,7.76664386,0.71722411,-359.16500373,1.08096872,1.40017589,2.48114461,,需要交叉构型单点计算
5ring_bh2_out,1,1,2,conf_1,conf_1,conf_2,-359.19617440,RwB97XD,ground.log,True,-358.91932270,UwB97XD,ground.log,True,-359.15265700,UwB97XD,ground.log,True,3.78680000,s0_s1.log,2.52770000,s0_t1.log,1.25910000,7.53351847,1.18416877,-359.11945410,2.08766564,1.34353123,3.43119687,,需要交叉构型单点计算
5ring_cn_both,1,2,1,conf_1,conf_1,conf_1,-677.28515680,RwB97XD,ground.log,True,-676.94975790,UwB97XD,ground.log,True,-677.25015060,UwB97XD,imaginary_corrected.log,True,3.83720000,s0_s1.log,2.36390000,s0_t1.log,1.47330000,9.12666893,0.95256722,-677.18000000,2.86146228,1.41133278,4.27279505,,需要交叉构型单点计算
5ring_cn_in,1,2,4,conf_1,conf_1,conf_1,-492.81000000,RwB97XD,ground.log,True,-492.51178550,UwB97XD,ground.log,True,-492.77800000,UwB97XD,ground.log,True,3.90290000,s0_s1.log,2.33780000,s0_t1.log,1.56510000,8.11482987,0.87076435,-492.71478960,2.59080695,1.46703565,4.05784259,,需要交叉构型单点计算
5ring_cn_out,1,1,4,conf_1,conf_1,conf_2,-492.80361970,RwB97XD,ground.log,True,-492.50023810,UwB97XD,ground.log,True,-492.75000000,UwB97XD,ground.log,True,4.09590000,s0_s1.log,2.66540000,s0_t1.log,1.43050000,8.25543382,1.45906635,-492.72467491,2.14819710,1.20633365,3.35453075,,需要交叉构型单点计算
5ring_me_3ring_cf3_in,2,3,3,conf_1,conf_1,conf_3,-1061.14939490,RwB97XD,ground.log,True,-1060.89280220,UwB97XD,imaginary_corrected.log,True,-1061.10454440,UwB97XD,ground.log,True,3.63430000,s0_s1.log,2.28390000,s0_t1.log,1.35040000,6.98224300,1.22044427,-1061.08306160,1.80502103,1.06345573,2.86847676,,需要交叉构型单点计算
5ring_me_3ring_cn_both,2,3,2,conf_1,conf_2,conf_1,-650.05988500,RwB97XD,imaginary_corrected.log,True,-649.80383480,UwB97XD,ground.log,True,-650.03198610,UwB97XD,ground.log,True,2.64930000,s0_s1.log,1.70610000,s0_t1.log,0.94320000,6.96748083,0.75916774,-650.01422590,1.24244739,0.94693226,2.18937966,,需要交叉构型单点计算
5ring_me_3ring_cn_in,1,1,1,conf_1,conf_1,conf_1,-571.41661600,RwB97XD,ground.log,True,-571.14988800,UwB97XD,ground.log,True,-571.38614330,UwB97XD,ground.log,True,2.70610000,s0_s1.log,1.85520000,s0_t1.log,0.85090000,7.25803857,0.82920440,-571.37565310,1.11465728,1.02599560,2.14065288,,需要交叉构型单点计算
5ring_me_3ring_cn_out,2,2,2,conf_2,conf_2,conf_2,-571.41721680,RwB97XD,ground.log,True,-571.14058350,UwB97XD,ground.log,True,-571.37913380,UwB97XD,ground.log,True,2.77540000,s0_s1.log,1.75210000,s0_t1.log,1.02330000,7.52757551,1.03629121,-571.38857740,0.77931777,0.71580879,1.49512656,,需要交叉构型单点计算
5ring_nh2_3ring_NO,9,10,8,conf_9,conf_2,conf_4,-677.72846870,RwB97XD,ground.log,True,-677.47842760,UwB97XD,ground.log,True,-677.69451580,UwB97XD,ground.log,True,2.59290000,s0_s1.log,1.20560000,s0_t1.log,1.38730000,6.80396489,0.92390547,-677.70035789,0.76493418,0.28169453,1.04662872,,需要交叉构型单点计算
5ring_nh2_3ring_NO2,1,1,1,conf_1,conf_1,conf_1,-828.06373280,RwB97XD,continued_opt.log,True,-827.81945140,UwB97XD,ground.log,True,-828.07630660,UwB97XD,ground.log,True,,,,,,6.64723547,-0.34215053,-828.02542650,1.04236752,,,,需要交叉构型单点计算
5ring_nh2_3ring_cn_both,5,2,3,conf_1,conf_2,conf_2,-714.22684200,RwB97XD,ground.log,True,-714.01820480,UwB97XD,ground.log,True,-714.23448230,UwB97XD,ground.log,True,2.23910000,s0_s1.log,1.30840000,s0_t1.log,0.93070000,5.67730738,-0.20790315,-714.18602050,1.11080959,1.51630315,2.62711275,,需要交叉构型单点计算
5ring_nh2_3ring_cn_in,1,1,1,conf_1,conf_1,conf_1,-603.49646690,RwB97XD,ground.log,True,-603.27882100,UwB97XD,ground.log,True,-603.50780700,UwB97XD,ground.log,True,1.82730000,s0_s1.log,1.74990000,s0_t1.log,0.07740000,5.92244660,-0.30857984,-603.46105000,0.96374294,2.05847984,3.02222278,,需要交叉构型单点计算
5ring_nh2_3ring_cn_out,2,1,1,conf_1,conf_1,conf_1,-603.50652050,RwB97XD,ground.log,True,-603.25331330,UwB97XD,continued_opt.log,True,-603.48312730,UwB97XD,ground.log,True,2.34230000,s0_s1.log,1.40490000,s0_t1.log,0.93740000,6.89011886,0.63656139,-603.47485000,0.86179820,0.76833861,1.63013681,,需要交叉构型单点计算
5ring_nh2_both,5,2,10,conf_1,conf_2,conf_1,-529.75664100,RwB97XD,ground.log,True,-529.57431150,UwB97XD,imaginary_corrected.log,True,-529.72216070,UwB97XD,ground.log,True,3.71510000,s0_s1.log,2.43190000,s0_t1.log,1.28320000,4.96143840,0.93825675,-529.68666000,1.90428000,1.49364325,3.39792325,,需要交叉构型单点计算
5ring_nh2_in,1,1,4,conf_1,conf_1,conf_2,-419.03215920,RwB97XD,ground.log,True,-418.83912580,UwB97XD,ground.log,True,-418.99855640,UwB97XD,ground.log,True,3.28600000,s0_s1.log,2.11860000,s0_t1.log,1.16740000,5.25270636,0.91437876,,,,,,需要交叉构型单点计算
5ring_nh2_out,2,1,8,conf_1,conf_1,conf_6,-419.03848520,RwB97XD,ground.log,True,-418.81594790,UwB97XD,imaginary_corrected.log,True,-419.00488900,UwB97XD,ground.log,True,3.80110000,s0_s1.log,2.54600000,s0_t1.log,1.25510000,6.05554837,0.91419917,-418.98856567,1.35837955,1.63180083,2.99018038,,需要交叉构型单点计算
5ring_nme2,9,3,8,conf_1,conf_1,conf_6,-576.26385850,RwB97XD,ground.log,True,-576.07368790,UwB97XD,ground.log,True,-576.21928690,UwB97XD,ground.log,True,3.35690000,s0_s1.log,2.26900000,s0_t1.log,1.08790000,5.17480560,1.21285501,-576.19213580,1.95167407,1.05614499,3.00781906,,需要交叉构型单点计算
5ring_nme2_3ring_cn_in_con2,4,3,3,conf_1,conf_1,conf_1,-760.72924480,RwB97XD,ground.log,True,-760.51721920,UwB97XD,ground.log,True,-760.73177660,UwB97XD,ground.log,True,1.84060000,s0_s1.log,1.83100000,s0_t1.log,0.00960000,5.76951044,-0.06889379,-760.68852270,1.10810478,1.89989379,3.00799857,,需要交叉构型单点计算
5ring_nme2_3ring_nn+,10,4,3,conf_4,conf_2,conf_3,-793.98711240,RwB97XD,ground.log,True,-793.74948730,UwB97XD,ground.log,True,-794.00627770,UwB97XD,continued_opt.log,True,1.93390000,s0_s1.log,1.24950000,s0_t1.log,0.68440000,6.46610832,-0.52151438,-793.93593770,1.39253452,1.77101438,3.16354889,,需要交叉构型单点计算
5ring_nph3_3ring_CN,10,2,2,conf_10,conf_1,conf_1,-1287.41530060,RwB97XD,ground.log,True,-1287.15425730,UwB97XD,imaginary_corrected.log,True,-1287.35822250,UwB97XD,ground.log,True,2.97840000,s0_s1.log,1.85990000,s0_t1.log,1.11850000,7.10335000,1.55317421,-1287.35718800,1.58132439,0.30672579,1.88805018,,需要交叉构型单点计算
5ring_nph3_3ring_NO,0,7,6,,conf_1,conf_4,,,,,-1361.33753870,UwB97XD,imaginary_corrected.log,True,-1361.59923340,UwB97XD,ground.log,True,,,,,,,,-1361.57402210,,,,,需要交叉构型单点计算
5ring_npme3,3,8,8,conf_2,conf_1,conf_3,-1338.87724280,RwB97XD,ground.log,True,-1338.72617750,UwB97XD,ground.log,True,-1338.84208000,UwB97XD,ground.log,True,3.06620000,s0_s1.log,2.04680000,s0_t1.log,1.01940000,4.11069619,0.95682852,-1338.80629500,1.93058797,1.08997148,3.02055945,,需要交叉构型单点计算
5ring_npme3_3ring_CN,10,10,10,conf_1,conf_2,conf_1,-1523.35262190,RwB97XD,ground.log,True,-1523.18073970,UwB97XD,continued_opt.log,True,-1523.36632230,UwB97XD,ground.log,True,1.38610000,s0_s1.log,1.38020000,s0_t1.log,0.00590000,4.67715289,-0.37280687,-1523.31620150,0.99104956,1.75300687,2.74405644,,需要交叉构型单点计算
5ring_oh_3ring_bh2_in,9,4,2,conf_2,conf_1,conf_1,-509.66383950,RwB97XD,ground.log,True,-509.44481600,UwB97XD,ground.log,True,-509.66286970,UwB97XD,ground.log,True,2.95020000,s0_s1.log,2.19900000,s0_t1.log,0.75120000,5.95993300,0.02638960,-509.61250000,1.39701895,2.17261040,3.56962935,,需要交叉构型单点计算
5ring_oh_3ring_cf3_sp,5,4,8,conf_2,conf_1,conf_1,-1132.96771710,RwB97XD,ground.log,True,-1132.73212850,UwB97XD,ground.log,True,-1132.94834180,UwB97XD,ground.log,True,3.26020000,s0_s1.log,2.09180000,s0_t1.log,1.16840000,6.41069233,0.52722877,-1132.89500000,1.97873308,1.56457123,3.54330431,,需要交叉构型单点计算
5ring_oh_3ring_cn_both,6,6,8,conf_1,conf_1,conf_1,-793.69398070,RwB97XD,imaginary_corrected.log,True,-793.45716320,UwB97XD,ground.log,True,-793.68610740,UwB97XD,ground.log,True,2.29020000,s0_s1.log,1.71040000,s0_t1.log,0.57980000,6.44413240,0.21424341,-793.65000000,1.19677580,1.49615659,2.69293240,,需要交叉构型单点计算
5ring_oh_3ring_cn_in,3,2,3,conf_1,conf_1,conf_1,-643.23524660,RwB97XD,ground.log,True,-642.99011440,UwB97XD,ground.log,True,-643.22494380,UwB97XD,ground.log,True,2.26530000,s0_s1.log,1.94700000,s0_t1.log,0.31830000,6.67038692,0.28035347,-643.18142330,1.46460659,1.66664653,3.13125312,,需要交叉构型单点计算
5ring_oh_3ring_cn_out,4,3,3,conf_3,conf_1,conf_1,-643.24150240,RwB97XD,imaginary_corrected.log,True,-642.96559710,UwB97XD,ground.log,True,-643.21086680,UwB97XD,ground.log,True,2.55590000,s0_s1.log,1.57710000,s0_t1.log,0.97880000,7.50776562,0.83363714,-643.21146571,0.81733999,0.74346286,1.56080286,,需要交叉构型单点计算
5ring_oh_both,6,7,10,conf_1,conf_2,conf_7,-609.22948000,RwB97XD,imaginary_corrected.log,True,-609.02002770,UwB97XD,imaginary_corrected.log,True,-609.23344630,UwB97XD,ground.log,True,3.63340000,s0_s1.log,2.35890000,s0_t1.log,1.27450000,5.69948738,-0.10792852,-609.23476230,-0.14373870,2.46682852,2.32308982,,需要交叉构型单点计算
5ring_oh_in,3,3,7,conf_1,conf_1,conf_6,-458.77300000,RwB97XD,ground.log,True,-458.55560030,UwB97XD,ground.log,True,-458.75652270,UwB97XD,ground.log,True,3.52690000,s0_s1.log,2.33090000,s0_t1.log,1.19600000,5.91574715,0.44837017,-458.76477760,0.22374285,1.88252983,2.10627268,,需要交叉构型单点计算
5ring_oh_out,4,3,10,conf_1,conf_3,conf_6,-458.77628830,RwB97XD,ground.log,True,-458.53200950,UwB97XD,continued_opt.log,True,-458.74029700,UwB97XD,ground.log,True,3.95240000,s0_s1.log,2.63510000,s0_t1.log,1.31730000,6.64716472,0.97937316,-458.72263563,1.45996343,1.65572684,3.11569027,,需要交叉构型单点计算
5ring_ome_3ring_cn_in,3,2,3,conf_1,conf_1,conf_1,-721.84277850,RwB97XD,ground.log,True,-721.60421770,UwB97XD,ground.log,True,-721.82612710,UwB97XD,ground.log,True,2.24970000,s0_s1.log,1.98830000,s0_t1.log,0.26140000,6.49157001,0.45310767,-721.79559930,1.28381142,1.53519233,2.81900375,,需要交叉构型单点计算
5ring_ome_3ring_cn_out,2,3,2,conf_1,conf_2,conf_1,-721.84568270,RwB97XD,ground.log,True,-721.57495990,UwB97XD,ground.log,True,-721.81792210,UwB97XD,ground.log,True,2.45960000,s0_s1.log,1.49030000,s0_t1.log,0.96930000,7.36674261,0.75540440,-721.81633040,0.79871677,0.73489560,1.53361236,,需要交叉构型单点计算
5ring_sh_3ring_cn_in_v2,3,3,3,conf_1,conf_1,conf_1,-1289.18172920,RwB97XD,imaginary_corrected.log,True,-1288.92316790,UwB97XD,ground.log,True,-1289.16080160,UwB97XD,ground.log,True,3.07270000,s0_s1.log,2.11030000,s0_t1.log,0.96240000,7.03581134,0.56946900,-1289.13694817,1.21855389,1.54083100,2.75938489,,需要交叉构型单点计算
CLOFUL,1,1,1,conf_1,conf_1,conf_1,-2608.88803650,RwB97XD,ground.log,True,-2608.64245880,UwB97XD,ground.log,True,-2608.81528390,UwB97XD,ground.log,True,3.66890000,s0_s1.log,2.49070000,s0_t1.log,1.17820000,6.68250959,1.97969908,-2608.86517750,0.62202507,0.51100092,1.13302599,,需要交叉构型单点计算
calicene,1,1,4,conf_1,conf_1,conf_2,-308.31158790,RwB97XD,ground.log,True,-308.05351610,UwB97XD,ground.log,True,-308.27398880,UwB97XD,ground.log,True,4.13180000,s0_s1.log,2.66900000,s0_t1.log,1.46280000,7.02249137,1.02312362,-308.25209200,1.61896590,1.64587638,3.26484228,,需要交叉构型单点计算
cf3_oh_cn_v2,3,2,4,conf_2,conf_1,conf_3,-1317.45251370,RwB97XD,ground.log,True,-1317.17602250,UwB97XD,ground.log,True,-1317.41879330,UwB97XD,ground.log,True,2.74300000,s0_s1.log,2.20810000,s0_t1.log,0.53490000,7.52370877,0.91757882,-1317.40997590,1.15751250,1.29052118,2.44803367,,需要交叉构型单点计算
f_oh_cn,2,2,3,conf_2,conf_1,conf_2,-841.72904230,RwB97XD,imaginary_corrected.log,True,-841.47315160,UwB97XD,ground.log,True,-841.71093940,UwB97XD,ground.log,True,2.39620000,s0_s1.log,2.01780000,s0_t1.log,0.37840000,6.96314061,0.49260500,-841.67376262,1.50423679,1.52519500,3.02943179,,需要交叉构型单点计算
me_oh_cn,6,6,7,conf_1,conf_1,conf_1,-721.87698300,RwB97XD,ground.log,True,-721.64276440,UwB97XD,imaginary_corrected.log,True,-721.87119400,UwB97XD,imaginary_corrected.log,True,2.20060000,s0_s1.log,1.90930000,s0_t1.log,0.29130000,6.37341273,0.15752671,-721.82955710,1.29052447,1.75177329,3.04229776,,需要交叉构型单点计算
sesqui_5ring_2nh2,6,2,3,conf_1,conf_1,conf_1,-573.92211470,RwB97XD,ground.log,True,-573.72272450,UwB97XD,ground.log,True,-573.91161310,UwB97XD,ground.log,True,2.35390000,s0_s1.log,1.44520000,s0_t1.log,0.90870000,5.42568370,0.28576309,-573.86377400,1.58753131,1.15943691,2.74696822,,需要交叉构型单点计算
sesqui_5ring_2nph3,10,3,10,conf_10,conf_1,conf_2,-1257.76408290,RwB97XD,continued_opt.log,True,-1257.58331970,UwB97XD,imaginary_corrected.log,True,-1257.75065600,UwB97XD,ground.log,True,2.28140000,s0_s1.log,1.46440000,s0_t1.log,0.81700000,4.91881721,0.36536456,-1257.70775930,1.53264322,1.09903544,2.63167866,,需要交叉构型单点计算
sesqui_5ring_oh,3,2,4,conf_1,conf_1,conf_1,-613.66080430,RwB97XD,ground.log,True,-613.44729040,UwB97XD,ground.log,True,-613.64340260,UwB97XD,ground.log,True,2.50610000,s0_s1.log,1.62850000,s0_t1.log,0.87760000,5.81000915,0.47352438,-613.59621710,1.75750723,1.15497562,2.91248285,,需要交叉构型单点计算
sesqui_5ring_oh_7ring_2cn_in,3,4,3,conf_2,conf_2,conf_2,-798.12899000,RwB97XD,ground.log,True,-797.88022300,UwB97XD,ground.log,True,-798.12221760,UwB97XD,ground.log,True,2.52370000,s0_s1.log,1.47450000,s0_t1.log,1.04920000,6.76929486,0.18428639,-798.07615700,1.43765916,1.29021361,2.72787277,,需要交叉构型单点计算
sesqui_5ring_oh_7ring_2f_in,3,3,3,conf_3,conf_1,conf_1,-812.16280960,RwB97XD,ground.log,True,-811.94252190,UwB97XD,ground.log,True,-812.15453250,UwB97XD,continued_opt.log,True,2.14000000,s0_s1.log,1.17810000,s0_t1.log,0.96190000,5.99433364,0.22523136,-812.10096870,1.68277660,0.95286864,2.63564524,,需要交叉构型单点计算
sesqui_7ring_2NN+,2,2,3,conf_2,conf_2,conf_3,-680.92051690,RwB97XD,ground.log,True,-680.64694700,UwB97XD,ground.log,True,-680.87135670,UwB97XD,continued_opt.log,True,2.53300000,s0_s1.log,1.52920000,s0_t1.log,1.00380000,7.44421615,1.33771718,-680.86591440,1.48580970,0.19148282,1.67729253,,需要交叉构型单点计算
sesqui_7ring_2cn_in,3,4,1,conf_3,conf_3,conf_1,-647.67284950,RwB97XD,ground.log,True,-647.38672450,UwB97XD,ground.log,True,-647.63791130,UwB97XD,imaginary_corrected.log,True,3.14210000,s0_s1.log,1.92290000,s0_t1.log,1.21920000,7.78585782,0.95071685,-647.61003910,1.70915804,0.97218315,2.68134119,,需要交叉构型单点计算
sesquifulvalene,1,1,1,conf_1,conf_1,conf_1,-463.20420750,RwB97XD,ground.log,True,-462.95259540,UwB97XD,ground.log,True,-463.16456480,UwB97XD,ground.log,True,2.80090000,s0_s1.log,1.45300000,s0_t1.log,1.34790000,6.84671398,1.07873281,-463.17707355,0.73835239,0.37426719,1.11261958,,需要交叉构型单点计算
sh_oh_cn,9,8,6,conf_8,conf_2,conf_3,-1439.65170400,RwB97XD,ground.log,True,-1439.40223220,UwB97XD,imaginary_corrected.log,True,-1439.63499980,UwB97XD,continued_opt.log,True,2.40420000,s0_s1.log,2.00820000,s0_t1.log,0.39600000,6.78847345,0.45454443,-1439.60370281,1.30617891,1.55365557,2.85983448,,需要交叉构型单点计算
