experiment_id,phase,seed,pseudo_task_id,method,target,fold,n_train,n_test,label_transform,MAE,RMSE,R2,elapsed_sec
label_scale_stress,phase1,42,S1_target,local,S1_target,0,80,20,identity,0.24034445,0.31516162,-0.17940915,3.396317481994629
label_scale_stress,phase1,42,S1_target,local,S1_target,1,80,20,identity,0.2846774,0.4137491,-0.359447,1.7226290702819824
label_scale_stress,phase1,42,S1_target,local,S1_target,2,80,20,identity,0.33470544,0.47033775,0.09214783,1.7151849269866943
label_scale_stress,phase1,42,S1_target,local,S1_target,3,80,20,identity,0.2640564,0.31450838,-1.2827189,1.710313081741333
label_scale_stress,phase1,42,S1_target,local,S1_target,4,80,20,identity,0.50456077,0.63886315,-1.2671497,1.7807531356811523
label_scale_stress,phase1,42,S1_target,fedavg_no_cal,S1_target,0,80,20,identity,0.34609997,0.39270157,-0.8311465,15.97119951248169
label_scale_stress,phase1,42,S1_target,fedavg_no_cal,S1_target,1,80,20,identity,0.33263892,0.35830593,-0.019520879,15.8510262966156
label_scale_stress,phase1,42,S1_target,fedavg_no_cal,S1_target,2,80,20,identity,0.30314437,0.3938722,0.3633421,15.853092193603516
label_scale_stress,phase1,42,S1_target,fedavg_no_cal,S1_target,3,80,20,identity,0.24800058,0.2803023,-0.81318164,15.634504079818726
label_scale_stress,phase1,42,S1_target,fedavg_no_cal,S1_target,4,80,20,identity,0.45390958,0.4888306,-0.32733715,15.7867112159729
label_scale_stress,phase1,42,S1_target,fedper,S1_target,0,80,20,identity,0.19643639,0.26439452,0.16995293,15.773783922195435
label_scale_stress,phase1,42,S1_target,fedper,S1_target,1,80,20,identity,0.25742096,0.302555,0.27306288,15.770123720169067
label_scale_stress,phase1,42,S1_target,fedper,S1_target,2,80,20,identity,0.25376806,0.36261815,0.4603719,15.768541812896729
label_scale_stress,phase1,42,S1_target,fedper,S1_target,3,80,20,identity,0.18693027,0.24145624,-0.34544158,15.729444026947021
label_scale_stress,phase1,42,S1_target,fedper,S1_target,4,80,20,identity,0.28320903,0.36016402,0.27944833,15.89694857597351
label_scale_stress,phase1,42,S1_target,fedper_cal,S1_target,0,80,20,identity,0.36645028,0.43407643,-1.2373312,15.783309936523438
label_scale_stress,phase1,42,S1_target,fedper_cal,S1_target,1,80,20,identity,0.42078424,0.5089985,-1.0574117,16.059956550598145
label_scale_stress,phase1,42,S1_target,fedper_cal,S1_target,2,80,20,identity,0.24382672,0.33612987,0.53632927,16.022090911865234
label_scale_stress,phase1,42,S1_target,fedper_cal,S1_target,3,80,20,identity,0.20132282,0.2667097,-0.6415932,15.948853492736816
label_scale_stress,phase1,42,S1_target,fedper_cal,S1_target,4,80,20,identity,0.30992725,0.38475016,0.17771554,16.028311729431152
label_scale_stress,phase1,123,S1_target,local,S1_target,0,80,20,identity,0.33919623,0.40039876,-0.66156983,1.7919931411743164
label_scale_stress,phase1,123,S1_target,local,S1_target,1,80,20,identity,0.29994053,0.3878586,-0.45653057,1.7692906856536865
label_scale_stress,phase1,123,S1_target,local,S1_target,2,80,20,identity,0.28210673,0.40518323,0.054725528,1.8221471309661865
label_scale_stress,phase1,123,S1_target,local,S1_target,3,80,20,identity,0.32982364,0.42409423,-0.004203081,1.7500064373016357
label_scale_stress,phase1,123,S1_target,local,S1_target,4,80,20,identity,0.2713359,0.3815125,0.439578,1.7232789993286133
label_scale_stress,phase1,123,S1_target,fedavg_no_cal,S1_target,0,80,20,identity,0.32662836,0.37760368,-0.47776568,16.454694747924805
label_scale_stress,phase1,123,S1_target,fedavg_no_cal,S1_target,1,80,20,identity,0.33520538,0.37509698,-0.36225975,16.332309007644653
label_scale_stress,phase1,123,S1_target,fedavg_no_cal,S1_target,2,80,20,identity,0.3725627,0.42249328,-0.027766824,15.873469591140747
label_scale_stress,phase1,123,S1_target,fedavg_no_cal,S1_target,3,80,20,identity,0.3721855,0.44161767,-0.08890438,16.041627883911133
label_scale_stress,phase1,123,S1_target,fedavg_no_cal,S1_target,4,80,20,identity,0.4985903,0.55439925,-0.18343103,15.792572021484375
label_scale_stress,phase1,123,S1_target,fedper,S1_target,0,80,20,identity,0.6057523,0.71421176,-4.286731,16.02696442604065
label_scale_stress,phase1,123,S1_target,fedper,S1_target,1,80,20,identity,0.25307816,0.3444556,-0.1487863,15.980934619903564
label_scale_stress,phase1,123,S1_target,fedper,S1_target,2,80,20,identity,0.26799637,0.36442888,0.2353186,15.784592151641846
label_scale_stress,phase1,123,S1_target,fedper,S1_target,3,80,20,identity,0.42648688,0.5574679,-0.7351481,15.969234704971313
label_scale_stress,phase1,123,S1_target,fedper,S1_target,4,80,20,identity,0.27492616,0.41710988,0.33011758,15.725828886032104
label_scale_stress,phase1,123,S1_target,fedper_cal,S1_target,0,80,20,identity,0.43784744,0.55691236,-2.2144513,15.742161273956299
label_scale_stress,phase1,123,S1_target,fedper_cal,S1_target,1,80,20,identity,0.37497607,0.44469988,-0.9147266,15.803609609603882
label_scale_stress,phase1,123,S1_target,fedper_cal,S1_target,2,80,20,identity,0.30299383,0.3840141,0.15091854,15.756959199905396
label_scale_stress,phase1,123,S1_target,fedper_cal,S1_target,3,80,20,identity,0.2884379,0.4079859,0.07063317,15.735116243362427
label_scale_stress,phase1,123,S1_target,fedper_cal,S1_target,4,80,20,identity,0.3993975,0.5098468,-0.0008685589,15.861503839492798
label_scale_stress,phase1,456,S1_target,local,S1_target,0,80,20,identity,0.29935518,0.40325922,-1.3421569,1.7206809520721436
label_scale_stress,phase1,456,S1_target,local,S1_target,1,80,20,identity,0.39639404,0.53078556,-0.41881227,1.7516226768493652
label_scale_stress,phase1,456,S1_target,local,S1_target,2,80,20,identity,0.3272769,0.50214094,0.09790003,1.788163423538208
label_scale_stress,phase1,456,S1_target,local,S1_target,3,80,20,identity,0.3129433,0.40457767,0.099986374,1.7285478115081787
label_scale_stress,phase1,456,S1_target,local,S1_target,4,80,20,identity,0.25181296,0.38345122,0.21448159,1.7570111751556396
label_scale_stress,phase1,456,S1_target,fedavg_no_cal,S1_target,0,80,20,identity,0.20965573,0.24645844,0.12514758,16.65511989593506
label_scale_stress,phase1,456,S1_target,fedavg_no_cal,S1_target,1,80,20,identity,0.4117133,0.45876926,-0.059925556,16.089787006378174
label_scale_stress,phase1,456,S1_target,fedavg_no_cal,S1_target,2,80,20,identity,0.319953,0.47761878,0.18385702,15.939041137695312
label_scale_stress,phase1,456,S1_target,fedavg_no_cal,S1_target,3,80,20,identity,0.28858274,0.3821144,0.19715428,15.935568809509277
label_scale_stress,phase1,456,S1_target,fedavg_no_cal,S1_target,4,80,20,identity,0.40993977,0.46209803,-0.14078641,16.040035724639893
label_scale_stress,phase1,456,S1_target,fedper,S1_target,0,80,20,identity,0.33802956,0.5041059,-2.660083,15.891084671020508
label_scale_stress,phase1,456,S1_target,fedper,S1_target,1,80,20,identity,0.7763556,0.92533714,-3.3120794,15.915166854858398
label_scale_stress,phase1,456,S1_target,fedper,S1_target,2,80,20,identity,0.37505224,0.5091045,0.07270634,16.20151996612549
label_scale_stress,phase1,456,S1_target,fedper,S1_target,3,80,20,identity,0.4004601,0.45966452,-0.16178906,15.898522853851318
label_scale_stress,phase1,456,S1_target,fedper,S1_target,4,80,20,identity,0.534826,0.6312052,-1.1285176,15.892953395843506
label_scale_stress,phase1,456,S1_target,fedper_cal,S1_target,0,80,20,identity,0.25288272,0.33117554,-0.57966113,15.933810949325562
label_scale_stress,phase1,456,S1_target,fedper_cal,S1_target,1,80,20,identity,0.5614926,0.6660458,-1.2340605,16.375821352005005
label_scale_stress,phase1,456,S1_target,fedper_cal,S1_target,2,80,20,identity,0.26891443,0.4317155,0.33319527,16.004910469055176
label_scale_stress,phase1,456,S1_target,fedper_cal,S1_target,3,80,20,identity,0.31312954,0.41743106,0.041891277,15.903888702392578
label_scale_stress,phase1,456,S1_target,fedper_cal,S1_target,4,80,20,identity,0.510701,0.641697,-1.1998656,15.888631343841553
label_scale_stress,phase1,789,S1_target,local,S1_target,0,80,20,identity,0.32785112,0.47354034,-0.008287072,1.8067142963409424
label_scale_stress,phase1,789,S1_target,local,S1_target,1,80,20,identity,0.38724947,0.5180325,-1.4315188,1.7445032596588135
label_scale_stress,phase1,789,S1_target,local,S1_target,2,80,20,identity,0.2804179,0.34734404,-0.09650445,1.738985538482666
label_scale_stress,phase1,789,S1_target,local,S1_target,3,80,20,identity,0.38660938,0.47522753,-0.5408294,1.7651102542877197
label_scale_stress,phase1,789,S1_target,local,S1_target,4,80,20,identity,0.23537683,0.3315685,-0.27536845,1.7447359561920166
label_scale_stress,phase1,789,S1_target,fedavg_no_cal,S1_target,0,80,20,identity,0.39152744,0.48226306,-0.045774937,16.11734652519226
label_scale_stress,phase1,789,S1_target,fedavg_no_cal,S1_target,1,80,20,identity,0.36627162,0.42895815,-0.66722226,15.969645023345947
label_scale_stress,phase1,789,S1_target,fedavg_no_cal,S1_target,2,80,20,identity,0.36780825,0.4092916,-0.5224967,15.952921867370605
label_scale_stress,phase1,789,S1_target,fedavg_no_cal,S1_target,3,80,20,identity,0.35571176,0.38724464,-0.023109794,16.507874011993408
label_scale_stress,phase1,789,S1_target,fedavg_no_cal,S1_target,4,80,20,identity,0.3000802,0.35564664,-0.46732605,15.97091293334961
label_scale_stress,phase1,789,S1_target,fedper,S1_target,0,80,20,identity,0.47650227,0.5219337,-0.22490084,15.93252968788147
label_scale_stress,phase1,789,S1_target,fedper,S1_target,1,80,20,identity,0.22011559,0.28861973,0.24522817,15.819741010665894
label_scale_stress,phase1,789,S1_target,fedper,S1_target,2,80,20,identity,0.41530213,0.5484664,-1.7339513,15.718173742294312
label_scale_stress,phase1,789,S1_target,fedper,S1_target,3,80,20,identity,0.28377753,0.38510123,-0.01181519,15.647956848144531
label_scale_stress,phase1,789,S1_target,fedper,S1_target,4,80,20,identity,0.24227062,0.32835683,-0.25078094,15.753005981445312
label_scale_stress,phase1,789,S1_target,fedper_cal,S1_target,0,80,20,identity,0.33507752,0.38524517,0.33266383,15.634297847747803
label_scale_stress,phase1,789,S1_target,fedper_cal,S1_target,1,80,20,identity,0.36357027,0.43764773,-0.7354537,15.632065773010254
label_scale_stress,phase1,789,S1_target,fedper_cal,S1_target,2,80,20,identity,0.29558748,0.38836476,-0.3707881,15.636720180511475
label_scale_stress,phase1,789,S1_target,fedper_cal,S1_target,3,80,20,identity,0.2270463,0.3021228,0.37724328,15.71124529838562
label_scale_stress,phase1,789,S1_target,fedper_cal,S1_target,4,80,20,identity,0.6616427,0.73989344,-5.3507857,15.70804738998413
label_scale_stress,phase1,1000,S1_target,local,S1_target,0,80,20,identity,0.24487524,0.31877384,0.12457025,1.7344136238098145
label_scale_stress,phase1,1000,S1_target,local,S1_target,1,80,20,identity,0.25847393,0.35548052,-0.7263737,1.8945915699005127
label_scale_stress,phase1,1000,S1_target,local,S1_target,2,80,20,identity,0.21287075,0.27988207,-0.6317643,1.726992130279541
label_scale_stress,phase1,1000,S1_target,local,S1_target,3,80,20,identity,0.31260744,0.4208866,0.3787691,1.719757318496704
label_scale_stress,phase1,1000,S1_target,local,S1_target,4,80,20,identity,0.33890983,0.4248177,-0.18458748,1.7214810848236084
label_scale_stress,phase1,1000,S1_target,fedavg_no_cal,S1_target,0,80,20,identity,0.27443463,0.32155064,0.10925239,15.814579010009766
label_scale_stress,phase1,1000,S1_target,fedavg_no_cal,S1_target,1,80,20,identity,0.31209245,0.34892562,-0.66329336,15.80133843421936
label_scale_stress,phase1,1000,S1_target,fedavg_no_cal,S1_target,2,80,20,identity,0.3284126,0.37092316,-1.8659928,15.860395908355713
label_scale_stress,phase1,1000,S1_target,fedavg_no_cal,S1_target,3,80,20,identity,0.35465646,0.4407553,0.31873208,15.839844226837158
label_scale_stress,phase1,1000,S1_target,fedavg_no_cal,S1_target,4,80,20,identity,0.27520213,0.3688201,0.10712409,15.977641820907593
label_scale_stress,phase1,1000,S1_target,fedper,S1_target,0,80,20,identity,0.25894096,0.3236273,0.097709835,15.844218969345093
label_scale_stress,phase1,1000,S1_target,fedper,S1_target,1,80,20,identity,0.7470985,0.83452916,-8.514505,15.877906560897827
label_scale_stress,phase1,1000,S1_target,fedper,S1_target,2,80,20,identity,0.3581423,0.47184172,-3.6376705,15.789976835250854
label_scale_stress,phase1,1000,S1_target,fedper,S1_target,3,80,20,identity,0.24135514,0.315723,0.65042907,15.891831159591675
label_scale_stress,phase1,1000,S1_target,fedper,S1_target,4,80,20,identity,0.2634126,0.33497125,0.26349282,15.72464656829834
label_scale_stress,phase1,1000,S1_target,fedper_cal,S1_target,0,80,20,identity,0.2101628,0.27297562,0.3580463,15.818093538284302
label_scale_stress,phase1,1000,S1_target,fedper_cal,S1_target,1,80,20,identity,0.35964584,0.53500926,-2.9104416,15.865582466125488
label_scale_stress,phase1,1000,S1_target,fedper_cal,S1_target,2,80,20,identity,0.17360829,0.24016611,-0.20151901,15.849750995635986
label_scale_stress,phase1,1000,S1_target,fedper_cal,S1_target,3,80,20,identity,0.2644246,0.36250776,0.53915226,15.855250597000122
label_scale_stress,phase1,1000,S1_target,fedper_cal,S1_target,4,80,20,identity,0.36122933,0.4751278,-0.48177683,15.789045333862305
